C‌DIGO OACI;CIAD;NOME;MUNIC‌PIO ATENDIDO;UF;LATITUDE;LONGITUDE
SBAA;PA0008;CONCEI‌‌O DO ARAGUAIA;CONCEI‌‌O DO ARAGUAIA;PA;8‌ 20' 55'' S;49‌ 18' 11'' W
SBAC;CE0004;AEROPORTO REGIONAL DE CANOA QUEBRADA DRAG‌O DO MAR;ARACATI;CE;4‌ 34' 7'' S;37‌ 48' 17'' W
SBAE;SP0010;BAURU/AREALVA;BAURU;SP;22‌ 9' 28'' S;49‌ 4' 6'' W
SBAQ;SP0012;BARTOLOMEU DE GUSM‌O;ARARAQUARA;SP;21‌ 48' 43'' S;48‌ 7' 59'' W
SBAR;SE0001;SANTA MARIA;ARACAJU;SE;10‌ 59' 7'' S;37‌ 4' 24'' W
SBAT;MT0003;PILOTO OSVALDO MARQUES DIAS;ALTA FLORESTA;MT;9‌ 51' 59'' S;56‌ 6' 18'' W
SBAU;SP0009;ARA‌ATUBA;ARA‌ATUBA;SP;21‌ 8' 39'' S;50‌ 25' 35'' W
SBAX;MG0008;ROMEU ZEMA;ARAX‌;MG;19‌ 33' 47'' S;46‌ 57' 38'' W
SBBE;PA0001;INTERNACIONAL DE BEL‌M/VAL DE CANS/J‌LIO CEZAR RIBEIRO;BEL‌M;PA;1‌ 23' 5'' S;48‌ 28' 44'' W
SBBG;RS0010;COMANDANTE GUSTAVO KRAEMER;BAG‌;RS;31‌ 23' 27'' S;54‌ 6' 35'' W
SBBH;MG0003;PAMPULHA - CARLOS DRUMMOND DE ANDRADE;BELO HORIZONTE;MG;19‌ 51' 7'' S;43‌ 57' 2'' W
SBBI;PR0006;BACACHERI;CURITIBA;PR;25‌ 24' 12'' S;49‌ 14' 1'' W
SBBP;SP0036;ESTADUAL ARTHUR SIQUEIRA;BRAGAN‌A PAULISTA;SP;22‌ 58' 44'' S;46‌ 32' 14'' W
SBBR;DF0001;PRESIDENTE JUSCELINO KUBITSCHEK;BRAS‌LIA;DF;15‌ 52' 9'' S;47‌ 55' 15'' W
SBBU;SP0017;BAURU;BAURU;SP;22‌ 20' 42'' S;49‌ 3' 14'' W
SBBV;RR0001;ATLAS BRASIL CANTANHEDE;BOA VISTA;RR;2‌ 50' 29'' N;60‌ 41' 32'' W
SBBW;MT0008;BARRA DO GAR‌AS;BARRA DO GAR‌AS;MT;15‌ 51' 41'' S;52‌ 23' 20'' W
SBCA;PR0005;AEROPORTO REGIONAL DO OESTE - CEL. ADALBERTO MENDES DA SILVA;CASCAVEL;PR;25‌ 0' 8'' S;53‌ 30' 7'' W
SBCB;RJ0003;CABO FRIO;CABO FRIO;RJ;22‌ 55' 15'' S;42‌ 4' 17'' W
SBCD;SC0006;PREFEITO DR. CARLOS ALBERTO DA COSTA NEVES;CA‌ADOR;SC;26‌ 47' 17'' S;50‌ 56' 24'' W
SBCF;MG0001;TANCREDO NEVES;BELO HORIZONTE;MG;19‌ 37' 28'' S;43‌ 58' 19'' W
SBCG;MS0001;CAMPO GRANDE;CAMPO GRANDE;MS;20‌ 28' 10'' S;54‌ 40' 13'' W
SBCH;SC0003;SERAFIN ENOSS BERTASO;CHAPEC‌;SC;27‌ 8' 2'' S;52‌ 39' 32'' W
SBCI;MA0003;BRIGADEIRO LYSIAS AUGUSTO RODRIGUES;CAROLINA;MA;7‌ 19' 14'' S;47‌ 27' 31'' W
SBCJ;PA0006;CARAJ‌S;PARAUAPEBAS;PA;6‌ 6' 55'' S;50‌ 0' 5'' W
SBCN;GO0003;NELSON RODRIGUES GUIMAR‌ES;CALDAS NOVAS;GO;17‌ 43' 30'' S;48‌ 36' 23'' W
SBCP;RJ0006;BARTOLOMEU LISANDRO;CAMPOS DOS GOYTACAZES;RJ;21‌ 42' 4'' S;41‌ 18' 28'' W
SBCR;MS0009;CORUMB‌;CORUMB‌;MS;19‌ 0' 43'' S;57‌ 40' 17'' W
SBCT;PR0001;AFONSO PENA;CURITIBA;PR;25‌ 31' 54'' S;49‌ 10' 34'' W
SBCX;RS0007;HUGO CANTERGIANI;CAXIAS DO SUL;RS;29‌ 11' 53'' S;51‌ 11' 12'' W
SBCY;MT0001;MARECHAL RONDON;CUIAB‌;MT;15‌ 39' 0'' S;56‌ 7' 3'' W
SBCZ;AC0002;CRUZEIRO DO SUL;CRUZEIRO DO SUL;AC;7‌ 35' 58'' S;72‌ 46' 10'' W
SBDB;MS0004;AER‌DROMO P‌BLICO DE BONITO;BONITO;MS;21‌ 14' 50'' S;56‌ 27' 9'' W
SBDN;SP0005;PRESIDENTE PRUDENTE;PRESIDENTE PRUDENTE;SP;22‌ 10' 30'' S;51‌ 25' 28'' W
SBDO;MS0008;DOURADOS;DOURADOS;MS;22‌ 12' 2'' S;54‌ 55' 32'' W
SBEG;AM0001;EDUARDO GOMES;MANAUS;AM;3‌ 2' 28'' S;60‌ 3' 2'' W
SBEK;PA0011;JACAREACANGA;JACAREACANGA;PA;6‌ 14' 7'' S;57‌ 46' 33'' W
SBFI;PR0002;CATARATAS;FOZ DO IGUA‌U;PR;25‌ 36' 1'' S;54‌ 29' 6'' W
SBFL;SC0001;HERC‌LIO LUZ;FLORIAN‌POLIS;SC;27‌ 40' 13'' S;48‌ 33' 9'' W
SBFN;PE0003;FERNANDO DE NORONHA;FERNANDO DE NORONHA;PE;3‌ 51' 17'' S;32‌ 25' 42'' W
SBFS;RJ0028;FAROL DE S‌O TOM‌;CAMPOS DOS GOYTACAZES;RJ;22‌ 1' 50'' S;41‌ 4' 7'' W
SBFZ;CE0001;PINTO MARTINS;FORTALEZA;CE;3‌ 46' 33'' S;38‌ 31' 56'' W
SBGL;RJ0001;RIO DE JANEIRO/GALE‌O ‌ ANT‌NIO CARLOS JOBIM;RIO DE JANEIRO;RJ;22‌ 48' 36'' S;43‌ 15' 2'' W
SBGM;RO0006;GUAJAR‌-MIRIM;GUAJAR‌-MIRIM;RO;10‌ 47' 18'' S;65‌ 16' 54'' W
SBGO;GO0001;SANTA GENOVEVA/GOI‌NIA;GOI‌NIA;GO;16‌ 37' 57'' S;49‌ 13' 16'' W
SBGR;SP0002;GUARULHOS - GOVERNADOR ANDR‌ FRANCO MONTORO;GUARULHOS;SP;23‌ 26' 8'' S;46‌ 28' 23'' W
SBGV;MG0032;CORONEL ALTINO MACHADO;GOVERNADOR VALADARES;MG;18‌ 53' 46'' S;41‌ 58' 60'' W
SBGW;SP0076;GUARATINGUET‌;GUARATINGUET‌;SP;22‌ 47' 30'' S;45‌ 12' 16'' W
SBHT;PA0003;ALTAMIRA;ALTAMIRA;PA;3‌ 15' 3'' S;52‌ 15' 8'' W
SBIC;AM0012;ITACOATIARA;ITACOATIARA;AM;3‌ 7' 35'' S;58‌ 28' 54'' W
SBIH;PA0010;ITAITUBA;ITAITUBA;PA;4‌ 14' 32'' S;56‌ 0' 3'' W
SBIL;BA0004;BAHIA - JORGE AMADO;ILH‌US;BA;14‌ 48' 54'' S;39‌ 2' 0'' W
SBIP;MG0007;USIMINAS;SANTANA DO PARA‌SO;MG;19‌ 28' 14'' S;42‌ 29' 17'' W
SBIZ;MA0002;PREFEITO RENATO MOREIRA;IMPERATRIZ;MA;5‌ 31' 50'' S;47‌ 27' 30'' W
SBJA;SC0005;REGIONAL SUL;JAGUARUNA;SC;28‌ 40' 31'' S;49‌ 3' 34'' W
SBJD;SP0031;COMANDANTE ROLIM ADOLFO AMARO;JUNDIA‌;SP;23‌ 10' 54'' S;46‌ 56' 37'' W
SBJE;CE0003;COMANDANTE ARISTON PESSOA;CRUZ;CE;2‌ 54' 24'' S;40‌ 21' 29'' W
SBJF;MG0016;FRANCISCO DE ASSIS;JUIZ DE FORA;MG;21‌ 47' 35'' S;43‌ 23' 8'' W
SBJH;SP1176;S‌O PAULO CATARINA AEROPORTO EXECUTIVO;S‌O ROQUE;SP;23‌ 25' 37'' S;47‌ 9' 57'' W
SBJI;RO0005;JI-PARAN‌;JI-PARAN‌;RO;10‌ 52' 14'' S;61‌ 50' 48'' W
SBJP;PB0001;PRESIDENTE CASTRO PINTO;JO‌O PESSOA;PB;7‌ 8' 54'' S;34‌ 57' 1'' W
SBJR;RJ0005;JACAREPAGU‌ - ROBERTO MARINHO;RIO DE JANEIRO;RJ;22‌ 59' 15'' S;43‌ 22' 12'' W
SBJU;CE0002;ORLANDO BEZERRA DE MENEZES;JUAZEIRO DO NORTE;CE;7‌ 13' 9'' S;39‌ 16' 10'' W
SBJV;SC0004;LAURO CARNEIRO DE LOYOLA;JOINVILLE;SC;26‌ 13' 23'' S;48‌ 47' 52'' W
SBKG;PB0003;PRESIDENTE JO‌O SUASSUNA;CAMPINA GRANDE;PB;7‌ 16' 9'' S;35‌ 53' 42'' W
SBKP;SP0003;VIRACOPOS;CAMPINAS;SP;23‌ 0' 25'' S;47‌ 8' 4'' W
SBLE;BA0006;HOR‌CIO DE MATTOS;LEN‌‌IS;BA;12‌ 28' 56'' S;41‌ 16' 37'' W
SBLJ;SC0007;LAGES;LAGES;SC;27‌ 46' 56'' S;50‌ 16' 54'' W
SBLO;PR0003;GOVERNADOR JOS‌ RICHA;LONDRINA;PR;23‌ 19' 49'' S;51‌ 8' 12'' W
SBLP;BA0037;BOM JESUS DA LAPA;BOM JESUS DA LAPA;BA;13‌ 15' 41'' S;43‌ 24' 27'' W
SBMA;PA0004;JO‌O CORR‌A DA ROCHA;MARAB‌;PA;5‌ 22' 5'' S;49‌ 8' 17'' W
SBMD;PA0009;MONTE DOURADO;ALMEIRIM;PA;0‌ 53' 23'' S;52‌ 36' 8'' W
SBME;RJ0004;MACA‌;MACA‌;RJ;22‌ 20' 34'' S;41‌ 45' 50'' W
SBMG;PR0004;S‌LVIO NAME J‌NIOR;MARING‌;PR;23‌ 28' 35'' S;52‌ 1' 4'' W
SBMI;RJ0009;MARIC‌;MARIC‌;RJ;22‌ 55' 5'' S;42‌ 49' 44'' W
SBMK;MG0004;M‌RIO RIBEIRO;MONTES CLAROS;MG;16‌ 42' 22'' S;43‌ 49' 19'' W
SBML;SP0014;FRANK MILOYE MILENKOVICH;MAR‌LIA;SP;22‌ 11' 49'' S;49‌ 55' 35'' W
SBMO;AL0001;ZUMBI DOS PALMARES;MACEI‌;AL;9‌ 30' 39'' S;35‌ 47' 30'' W
SBMQ;AP0001;ALBERTO ALCOLUMBRE;MACAP‌;AP;0‌ 3' 2'' N;51‌ 4' 20'' W
SBMS;RN0002;DIX-SEPT ROSADO;MOSSOR‌;RN;5‌ 11' 45'' S;37‌ 21' 42'' W
SBMT;SP0007;CAMPO DE MARTE;S‌O PAULO;SP;23‌ 30' 24'' S;46‌ 38' 2'' W
SBMY;AM0015;MANICOR‌;MANICOR‌;AM;5‌ 48' 40'' S;61‌ 16' 42'' W
SBNF;SC0002;MINISTRO VICTOR KONDER;NAVEGANTES;SC;26‌ 52' 43'' S;48‌ 39' 3'' W
SBNM;RS0008;SANTO ‌NGELO;SANTO ‌NGELO;RS;28‌ 16' 54'' S;54‌ 10' 6'' W
SBNV;GO0002;AER‌DROMO NACIONAL DE AVIA‌‌O;GOI‌NIA;GO;16‌ 37' 32'' S;49‌ 20' 58'' W
SBOI;AP0002;OIAPOQUE;OIAPOQUE;AP;3‌ 51' 41'' N;51‌ 47' 46'' W
SBPA;RS0001;SALGADO FILHO;PORTO ALEGRE;RS;29‌ 59' 41'' S;51‌ 10' 16'' W
SBPB;PI0002;AEROPORTO INTERNACIONAL DE PARNA‌BA / PREFEITO DOUTOR JO‌O SILVA FILHO;PARNA‌BA;PI;2‌ 53' 36'' S;41‌ 43' 49'' W
SBPC;MG0018;EMBAIXADOR WALTHER MOREIRA SALLES;PO‌OS DE CALDAS;MG;21‌ 50' 33'' S;46‌ 34' 10'' W
SBPF;RS0006;LAURO KURTZ;PASSO FUNDO;RS;28‌ 14' 39'' S;52‌ 19' 42'' W
SBPG;PR0012;COMANDANTE ANT‌NIO AMILTON BERALDO;PONTA GROSSA;PR;25‌ 11' 4'' S;50‌ 8' 38'' W
SBPJ;TO0001;BRIGADEIRO LYSIAS RODRIGUES;PALMAS;TO;10‌ 17' 24'' S;48‌ 21' 28'' W
SBPK;RS0005;JO‌O SIM‌ES LOPES NETO;PELOTAS;RS;31‌ 42' 58'' S;52‌ 19' 52'' W
SBPL;PE0002;AEROPORTO INTERNACIONAL SENADOR NILO COELHO;PETROLINA;PE;9‌ 22' 3'' S;40‌ 33' 49'' W
SBPO;PR0018;AEROPORTO REGIONAL DE PATO BRANCO - PROFESSOR JUVENAL LOUREIRO CARDOSO;PATO BRANCO;PR;26‌ 13' 2'' S;52‌ 41' 40'' W
SBPP;MS0005;AEROPORTO INTERNACIONAL DE PONTA POR‌;PONTA POR‌;MS;22‌ 32' 59'' S;55‌ 42' 11'' W
SBPS;BA0002;PORTO SEGURO;PORTO SEGURO;BA;16‌ 26' 17'' S;39‌ 4' 40'' W
SBPV;RO0001;GOVERNADOR JORGE TEIXEIRA DE OLIVEIRA;PORTO VELHO;RO;8‌ 42' 49'' S;63‌ 54' 10'' W
SBRB;AC0001;PL‌CIDO DE CASTRO;RIO BRANCO;AC;9‌ 52' 6'' S;67‌ 53' 53'' W
SBRD;MT0004;RONDON‌POLIS - MAESTRO MARINHO FRANCO;RONDON‌POLIS;MT;16‌ 35' 17'' S;54‌ 43' 18'' W
SBRF;PE0001;AEROPORTO INTERNACIONAL RECIFE/GUARARAPES - GILBERTO FREYRE;RECIFE;PE;8‌ 7' 35'' S;34‌ 55' 22'' W
SBRJ;RJ0002;SANTOS DUMONT;RIO DE JANEIRO;RJ;22‌ 54' 36'' S;43‌ 9' 45'' W
SBRP;SP0004;LEITE LOPES;RIBEIR‌O PRETO;SP;21‌ 8' 11'' S;47‌ 46' 36'' W
SBSG;RN0001;AEROPORTO INTERNACIONAL DO RIO GRANDE DO NORTE / S‌O GON‌ALO DO AMARANTE - GOVERNADOR ALUIZIO ALVES;NATAL;RN;5‌ 46' 8'' S;35‌ 21' 59'' W
SBSI;MT0002;PRESIDENTE JO‌O BATISTA FIGUEIREDO;SINOP;MT;11‌ 53' 6'' S;55‌ 35' 10'' W
SBSJ;SP0008;PROFESSOR URBANO ERNESTO STUMPF;S‌O JOS‌ DOS CAMPOS;SP;23‌ 13' 44'' S;45‌ 52' 16'' W
SBSL;MA0001;MARECHAL CUNHA MACHADO;S‌O LU‌S;MA;2‌ 35' 13'' S;44‌ 14' 10'' W
SBSM;RS0003;SANTA MARIA;SANTA MARIA;RS;29‌ 42' 39'' S;53‌ 41' 32'' W
SBSN;PA0002;MAESTRO WILSON FONSECA;SANTAR‌M;PA;2‌ 25' 29'' S;54‌ 47' 9'' W
SBSO;MT0005;REGIONAL DE SORRISO ADOLINO BEDIN;SORRISO;MT;12‌ 28' 22'' S;55‌ 40' 8'' W
SBSP;SP0001;S‌O PAULO/CONGONHAS - DEPUTADO FREITAS NOBRE;S‌O PAULO;SP;23‌ 37' 34'' S;46‌ 39' 23'' W
SBSR;SP0006;PROFESSOR ERIBERTO MANOEL REINO;S‌O JOS‌ DO RIO PRETO;SP;20‌ 49' 2'' S;49‌ 24' 25'' W
SBSV;BA0001;DEPUTADO LU‌S EDUARDO MAGALH‌ES;SALVADOR;BA;12‌ 54' 31'' S;38‌ 19' 21'' W
SBTB;PA0012;TROMBETAS;ORIXIMIN‌;PA;1‌ 29' 23'' S;56‌ 23' 49'' W
SBTC;BA0067;UNA/COMANDATUBA;UNA;BA;15‌ 21' 12'' S;38‌ 59' 50'' W
SBTD;PR0008;LUIZ DALCANALE FILHO;TOLEDO;PR;24‌ 41' 7'' S;53‌ 41' 47'' W
SBTE;PI0001;SENADOR PETR‌NIO PORTELLA;TERESINA;PI;5‌ 3' 38'' S;42‌ 49' 28'' W
SBTF;AM0004;PREFEITO ORLANDO MARINHO;TEF‌;AM;3‌ 22' 49'' S;64‌ 43' 31'' W
SBTG;MS0006;TR‌S LAGOAS;TR‌S LAGOAS;MS;20‌ 45' 5'' S;51‌ 40' 49'' W
SBTK;AC0004;TARAUAC‌;TARAUAC‌;AC;8‌ 9' 19'' S;70‌ 46' 59'' W
SBTT;AM0005;TABATINGA;TABATINGA;AM;4‌ 15' 2'' S;69‌ 56' 16'' W
SBTU;PA0007;TUCURU‌;TUCURU‌;PA;3‌ 46' 37'' S;49‌ 43' 11'' W
SBUA;AM0003;S‌O GABRIEL DA CACHOEIRA;S‌O GABRIEL DA CACHOEIRA;AM;0‌ 8' 53'' S;66‌ 59' 9'' W
SBUF;BA0007;PAULO AFONSO;PAULO AFONSO;BA;9‌ 24' 4'' S;38‌ 15' 4'' W
SBUG;RS0012;RUBEM BERTA;URUGUAIANA;RS;29‌ 47' 0'' S;57‌ 2' 13'' W
SBUL;MG0002;TEN CEL AVIADOR C‌SAR BOMBONATO;UBERL‌NDIA;MG;18‌ 53' 1'' S;48‌ 13' 31'' W
SBUR;MG0009;MARIO DE ALMEIDA FRANCO;UBERABA;MG;19‌ 45' 53'' S;47‌ 57' 58'' W
SBVC;BA0005;GLAUBER DE ANDRADE ROCHA;VIT‌RIA DA CONQUISTA;BA;14‌ 54' 28'' S;40‌ 54' 53'' W
SBVG;MG0019;MAJOR BRIGADEIRO TROMPOWSKY;VARGINHA;MG;21‌ 35' 20'' S;45‌ 28' 24'' W
SBVH;RO0003;VILHENA;VILHENA;RO;12‌ 41' 40'' S;60‌ 5' 54'' W
SBVT;ES0001;EURICO DE AGUIAR SALLES;VIT‌RIA;ES;20‌ 15' 29'' S;40‌ 17' 11'' W
SBZM;MG0006;PRESIDENTE ITAMAR FRANCO;GOIAN‌;MG;21‌ 30' 47'' S;43‌ 10' 23'' W
SDAA;SP0045;ARARAS;ARARAS;SP;22‌ 20' 13'' S;47‌ 21' 30'' W
SDAD;SP0046;EVERALDO MORAES BARRETO;ADAMANTINA;SP;21‌ 41' 46'' S;51‌ 5' 47'' W
SDAE;SP0053;S‌O PEDRO;S‌O PEDRO;SP;22‌ 35' 1'' S;47‌ 53' 46'' W
SDAG;RJ0010;ANGRA DOS REIS;ANGRA DOS REIS;RJ;22‌ 58' 31'' S;44‌ 18' 26'' W
SDAI;SP0047;AMERICANA;AMERICANA;SP;22‌ 45' 19'' S;47‌ 16' 5'' W
SDAM;SP0037;ESTADUAL DE CAMPOS DOS AMARAIS - PREFEITO FRANCISCO AMARAL;CAMPINAS;SP;22‌ 51' 33'' S;47‌ 6' 29'' W
SDBA;SP0063;BATATAIS;BATATAIS;SP;20‌ 52' 37'' S;47‌ 35' 9'' W
SDBB;SP0018;BEBEDOURO;BEBEDOURO;SP;20‌ 54' 1'' S;48‌ 28' 25'' W
SDBK;SP0019;TANCREDO DE ALMEIDA NEVES;BOTUCATU;SP;22‌ 56' 16'' S;48‌ 28' 5'' W
SDBY;SP0032;BARIRI;BARIRI;SP;22‌ 4' 9'' S;48‌ 42' 23'' W
SDCA;SP0051;CAP‌O BONITO;CAP‌O BONITO;SP;24‌ 2' 1'' S;48‌ 21' 25'' W
SDCG;AM0016;SENADORA EUNICE MICHILES;S‌O PAULO DE OLIVEN‌A;AM;3‌ 28' 9'' S;68‌ 55' 16'' W
SDCO;SP0027;SOROCABA;SOROCABA;SP;23‌ 28' 40'' S;47‌ 29' 24'' W
SDDN;SP0020;PAULINO RIBEIRO DE ANDRADE;ANDRADINA;SP;20‌ 55' 30'' S;51‌ 22' 55'' W
SDDR;SP0021;DRACENA;DRACENA;SP;21‌ 27' 38'' S;51‌ 36' 25'' W
SDEP;SP0052;GERALDO MOACIR BORDON;PRESIDENTE EPIT‌CIO;SP;21‌ 46' 30'' S;52‌ 8' 37'' W
SDET;SP0067;TIET‌;TIET‌;SP;23‌ 6' 17'' S;47‌ 43' 28'' W
SDFD;SP0054;CORONEL AVIADOR CARLOS ORLEANS GUIMAR‌ES;FERNAND‌POLIS;SP;20‌ 16' 36'' S;50‌ 12' 50'' W
SDFX;BA0054;CASA NOVA;CASA NOVA;BA;9‌ 9' 27'' S;40‌ 56' 15'' W
SDGC;SP0055;GAR‌A;GAR‌A;SP;22‌ 11' 1'' S;49‌ 39' 22'' W
SDH2;MT0662;PORTO ALEGRE DO NORTE;PORTO ALEGRE DO NORTE;MT;10‌ 55' 5'' S;51‌ 36' 32'' W
SDIG;SP0038;IBITINGA;IBITINGA;SP;21‌ 44' 50'' S;48‌ 51' 21'' W
SDIM;SP0033;DR. ANTONIO RIBEIRO NOGUEIRA J‌NIOR;ITANHA‌M;SP;24‌ 9' 53'' S;46‌ 47' 8'' W
SDIV;SP0056;ITUVERAVA;ITUVERAVA;SP;20‌ 22' 31'' S;47‌ 46' 7'' W
SDIY;BA0013;JO‌O DURVAL CARNEIRO;FEIRA DE SANTANA;BA;12‌ 12' 2'' S;38‌ 54' 23'' W
SDJC;SP0064;JABOTICABAL;JABOTICABAL;SP;21‌ 13' 51'' S;48‌ 17' 8'' W
SDJO;SP0057;S‌O JOAQUIM DA BARRA;S‌O JOAQUIM DA BARRA;SP;20‌ 35' 36'' S;47‌ 50' 32'' W
SDJV;SP0035;MUNICIPAL DE S‌O JO‌O DA BOA VISTA;S‌O JO‌O DA BOA VISTA;SP;22‌ 1' 0'' S;46‌ 50' 26'' W
SDK7;MS0563;NOVA ANDRADINA;NOVA ANDRADINA;MS;22‌ 9' 45'' S;53‌ 19' 49'' W
SDKJ;BA0025;FORMOSA DO RIO PRETO;FORMOSA DO RIO PRETO;BA;11‌ 1' 16'' S;45‌ 11' 14'' W
SDKK;SP0058;MOCOCA;MOCOCA;SP;21‌ 29' 14'' S;47‌ 2' 2'' W
SDLL;SP0048;YOLANDA PENTEADO;LEME;SP;22‌ 13' 33'' S;47‌ 22' 51'' W
SDLP;SP0034;MUNICIPAL JOS‌ BOSO;LEN‌‌IS PAULISTA;SP;22‌ 34' 42'' S;48‌ 46' 28'' W
SDLY;SP0071;ARMANDO NATALI;MAT‌O;SP;21‌ 37' 27'' S;48‌ 21' 3'' W
SDMH;SP0059;MIRASSOL;MIRASSOL;SP;20‌ 48' 26'' S;49‌ 29' 10'' W
SDMJ;SP0022;MOGI MIRIM;MOGI MIRIM;SP;22‌ 24' 39'' S;46‌ 54' 20'' W
SDMO;SP0068;MONTE ALTO;MONTE ALTO;SP;21‌ 15' 29'' S;48‌ 31' 27'' W
SDNH;SP0060;NOVO HORIZONTE;NOVO HORIZONTE;SP;21‌ 29' 52'' S;49‌ 14' 4'' W
SDNM;MT0047;BRIGADEIRO EDUARDO GOMES;NOVA MUTUM;MT;13‌ 49' 16'' S;56‌ 2' 19'' W
SDNO;SP0061;NELSON GAR‌FALO;S‌O MANUEL;SP;22‌ 41' 46'' S;48‌ 34' 34'' W
SDOU;SP0023;JORNALISTA BENEDITO PIMENTEL;OURINHOS;SP;22‌ 58' 25'' S;49‌ 54' 41'' W
SDOV;GO0005;MOZARL‌NDIA;MOZARL‌NDIA;GO;14‌ 46' 8'' S;50‌ 33' 54'' W
SDOW;PA0021;OURIL‌NDIA DO NORTE;OURIL‌NDIA DO NORTE;PA;6‌ 45' 47'' S;51‌ 2' 60'' W
SDPD;SP0072;PINDAMONHANGABA;PINDAMONHANGABA;SP;22‌ 56' 38'' S;45‌ 25' 55'' W
SDPE;TO0003;PORTO NACIONAL;PORTO NACIONAL;TO;10‌ 43' 5'' S;48‌ 23' 56'' W
SDPN;SP0024;PEN‌POLIS;PEN‌POLIS;SP;21‌ 24' 36'' S;50‌ 2' 1'' W
SDPV;SP0040;PRESIDENTE VENCESLAU;PRESIDENTE VENCESLAU;SP;21‌ 53' 36'' S;51‌ 53' 4'' W
SDPW;SP0041;PEDRO MORGANTI;PIRACICABA;SP;22‌ 42' 43'' S;47‌ 37' 5'' W
SDPY;SP0066;PIRASSUNUNGA;PIRASSUNUNGA;SP;22‌ 1' 40'' S;47‌ 25' 18'' W
SDRK;SP0049;RIO CLARO;RIO CLARO;SP;22‌ 25' 54'' S;47‌ 33' 45'' W
SDRR;SP0028;AVAR‌-ARANDU;AVAR‌;SP;23‌ 5' 32'' S;48‌ 59' 14'' W
SDRS;RJ0007;RESENDE;RESENDE;RJ;22‌ 28' 43'' S;44‌ 28' 54'' W
SDSC;SP0029;M‌RIO PEREIRA LOPES;S‌O CARLOS;SP;21‌ 52' 35'' S;47‌ 54' 12'' W
SDTB;SP0069;ATIBAIA;ATIBAIA;SP;23‌ 7' 42'' S;46‌ 34' 29'' W
SDTF;SP0050;TATU‌;TATU‌;SP;23‌ 19' 55'' S;47‌ 52' 48'' W
SDTI;SP0073;TUPI PAULISTA;TUPI PAULISTA;SP;21‌ 23' 36'' S;51‌ 36' 3'' W
SDTK;RJ0011;PARATY;PARATY;RJ;23‌ 13' 26'' S;44‌ 43' 24'' W
SDTP;SP0025;JOS‌ VICENTE FARIA LIMA;TUP‌;SP;21‌ 53' 24'' S;50‌ 30' 21'' W
SDUB;SP0065;ESTADUAL GAST‌O MADEIRA;UBATUBA;SP;23‌ 26' 29'' S;45‌ 4' 34'' W
SDUN;RJ0008;ITAPERUNA;ITAPERUNA;RJ;21‌ 13' 9'' S;41‌ 52' 33'' W
SDUQ;SP0042;PARAGUA‌U PAULISTA;PARAGUA‌U PAULISTA;SP;22‌ 25' 37'' S;50‌ 36' 25'' W
SDVE;SP0070;VERA CRUZ;VERA CRUZ;SP;22‌ 13' 49'' S;49‌ 49' 1'' W
SDVG;SP0026;DOMINGOS PIGNATARI;VOTUPORANGA;SP;20‌ 27' 26'' S;50‌ 0' 9'' W
SDWQ;PA0027;ALENQUER;ALENQUER;PA;1‌ 55' 1'' S;54‌ 43' 22'' W
SDXF;GO0020;ALTO PARA‌SO DE GOI‌S;ALTO PARA‌SO DE GOI‌S;GO;14‌ 7' 9'' S;47‌ 31' 49'' W
SDXJ;MS0017;COSTA RICA;COSTA RICA;MS;18‌ 29' 29'' S;53‌ 10' 6'' W
SDZG;CE0008;PEDRO TEIXEIRA CASTELO REGIONAL TAU‌;TAU‌;CE;5‌ 56' 0'' S;40‌ 17' 51'' W
SI68;MT0612;GELINDO STEFANUTO;CAMPO NOVO DO PARECIS;MT;13‌ 43' 53'' S;57‌ 53' 30'' W
SIBU;PB0012;JER‌NIMO S‌RGIO ROSADO MAIA;CATOL‌ DO ROCHA;PB;6‌ 21' 45'' S;37‌ 45' 19'' W
SIBW;PB0008;CONCEI‌‌O;CONCEI‌‌O;PB;7‌ 33' 45'' S;38‌ 29' 51'' W
SIBY;PB0009;LOURIVAL NUNES DE FARIAS;MONTEIRO;PB;7‌ 52' 42'' S;37‌ 8' 12'' W
SIBZ;PB0010;ITAPORANGA;ITAPORANGA;PB;7‌ 18' 40'' S;38‌ 6' 49'' W
SICB;PB0007;PEDRO SIM‌ES PIMENTA;CUIT‌;PB;6‌ 29' 15'' S;36‌ 8' 24'' W
SILC;MT0025;AEROPORTO MUNICIPAL BOM FUTURO ;LUCAS DO RIO VERDE;MT;13‌ 2' 16'' S;55‌ 57' 1'' W
SIMK;SP0011;TENENTE LUND PRESSOTO;FRANCA;SP;20‌ 35' 25'' S;47‌ 22' 57'' W
SIZX;MT0018;JUARA SUL;JUARA;MT;11‌ 17' 48'' S;57‌ 32' 56'' W
SJ4Y;GO0028;MORRINHOS;MORRINHOS;GO;17‌ 45' 42'' S;49‌ 7' 18'' W
SJAU;TO0007;ARAGUACEMA;ARAGUACEMA;TO;8‌ 50' 16'' S;49‌ 33' 28'' W
SJBY;MA0007;JO‌O SILVA;SANTA IN‌S;MA;3‌ 39' 16'' S;45‌ 20' 43'' W
SJGU;TO0005;ARAGUATINS;ARAGUATINS;TO;5‌ 41' 9'' S;48‌ 6' 51'' W
SJOG;RO0008;ARIQUEMES;ARIQUEMES;RO;9‌ 52' 50'' S;63‌ 2' 50'' W
SJQN;GO0006;QUIRIN‌POLIS;QUIRIN‌POLIS;GO;18‌ 26' 46'' S;50‌ 24' 33'' W
SJRG;RS0013;REGIONAL DE RIO GRANDE;RIO GRANDE;RS;32‌ 5' 1'' S;52‌ 10' 4'' W
SJTS;PA0028;TERRA SANTA;TERRA SANTA;PA;2‌ 4' 22'' S;56‌ 29' 20'' W
SJVO;GO0030;ARAGAR‌AS;ARAGAR‌AS;GO;15‌ 53' 58'' S;52‌ 14' 27'' W
SJXI;MG0311;SANTA RITA DO SAPUCA‌;SANTA RITA DO SAPUCA‌;MG;22‌ 16' 22'' S;45‌ 38' 24'' W
SJZA;PB0004;PEDRO VIEIRA MOREIRA;CAJAZEIRAS;PB;6‌ 52' 58'' S;38‌ 36' 57'' W
SN3Y;BA0251;NOVO AEROPORTO DE BOM JESUS DA LAPA;BOM JESUS DA LAPA;BA;13‌ 16' 21'' S;43‌ 18' 53'' W
SN6L;CE0164;DR. LUCIANO DE ARRUDA COELHO;SOBRAL;CE;3‌ 36' 53'' S;40‌ 13' 56'' W
SNAB;PE0009;ARARIPINA;ARARIPINA;PE;7‌ 35' 11'' S;40‌ 32' 7'' W
SNAE;PE0007;ARCOVERDE;ARCOVERDE;PE;8‌ 24' 28'' S;37‌ 5' 18'' W
SNAG;MG0020;ARAGUARI;ARAGUARI;MG;18‌ 40' 5'' S;48‌ 11' 25'' W
SNAL;AL0003;ARAPIRACA;ARAPIRACA;AL;9‌ 46' 35'' S;36‌ 37' 50'' W
SNAP;MG0021;JANA‌BA;JANA‌BA;MG;15‌ 43' 55'' S;43‌ 19' 23'' W
SNAR;MG0033;CIRILO QUEIR‌Z;ALMENARA;MG;16‌ 9' 57'' S;40‌ 41' 3'' W
SNAS;MG0022;TR‌S MARIAS;TR‌S MARIAS;MG;18‌ 13' 30'' S;45‌ 11' 26'' W
SNAX;SP0016;MARCELO PIRES HALZHAUSEN;ASSIS;SP;22‌ 38' 19'' S;50‌ 27' 21'' W
SNBA;SP0013;CHAFEI AMSEI;BARRETOS;SP;20‌ 35' 8'' S;48‌ 35' 45'' W
SNBC;MA0006;BARRA DO CORDA;BARRA DO CORDA;MA;5‌ 30' 9'' S;45‌ 12' 58'' W
SNBG;ES0005;BAIXO GUANDU - AIMOR‌S;BAIXO GUANDU;ES;19‌ 29' 56'' S;41‌ 2' 31'' W
SNBI;MA0005;BACABAL;BACABAL;MA;4‌ 13' 41'' S;44‌ 49' 11'' W
SNBM;MG0051;CRISTIANO FERREIRA VARELLA;MURIA‌;MG;21‌ 7' 34'' S;42‌ 23' 40'' W
SNBR;BA0011;DOM RICARDO WEBERBERGER;BARREIRAS;BA;12‌ 4' 45'' S;45‌ 0' 34'' W
SNBS;MA0010;BALSAS;BALSAS;MA;7‌ 31' 31'' S;46‌ 3' 12'' W
SNBX;BA0028;BARRA;BARRA;BA;11‌ 4' 52'' S;43‌ 8' 51'' W
SNBZ;BA0042;PARAMIRIM;PARAMIRIM;BA;13‌ 29' 26'' S;42‌ 13' 45'' W
SNCA;MG0031;CAMPO BELO;CAMPO BELO;MG;20‌ 53' 33'' S;45‌ 20' 8'' W
SNCP;SC0181;AEROPORTO REGIONAL DO PLANALTO SERRANO;LAGES;SC;27‌ 38' 3'' S;50‌ 21' 30'' W
SNCS;CE0009;CAMPOS SALES;CAMPOS SALES;CE;7‌ 3' 6'' S;40‌ 21' 30'' W
SNCT;MG0056;CARATINGA;UBAPORANGA;MG;19‌ 43' 31'' S;42‌ 6' 44'' W
SNCX;ES0004;COLATINA;COLATINA;ES;19‌ 29' 15'' S;40‌ 34' 46'' W
SNCZ;MG0059;PONTE NOVA;PONTE NOVA;MG;20‌ 24' 11'' S;42‌ 55' 0'' W
SNDC;PA0030;REDEN‌‌O;REDEN‌‌O;PA;8‌ 1' 52'' S;49‌ 58' 47'' W
SNDT;MG0030;JUSCELINO KUBITSCHEK;DIAMANTINA;MG;18‌ 13' 56'' S;43‌ 39' 1'' W
SNDV;MG0015;BRIGADEIRO ANT‌NIO CABRAL;DIVIN‌POLIS;MG;20‌ 10' 55'' S;44‌ 52' 12'' W
SNEB;PA0018;NAGIB DEMACHKI;PARAGOMINAS;PA;3‌ 1' 11'' S;47‌ 18' 59'' W
SNED;BA0023;S‌CRATES REZENDE;CANAVIEIRAS;BA;15‌ 39' 59'' S;38‌ 57' 19'' W
SNEE;RS0004;VACARIA NOVO;VACARIA;RS;28‌ 25' 55'' S;51‌ 1' 22'' W
SNFE;MG0012;COMANDANTE PASCHOAL PATROC‌NIO FILHO;ALFENAS;MG;21‌ 25' 53'' S;45‌ 55' 56'' W
SNFO;MG0060;FORMIGA;FORMIGA;MG;20‌ 23' 41'' S;45‌ 28' 59'' W
SNFU;MG0063;FRUTAL;FRUTAL;MG;20‌ 0' 17'' S;48‌ 57' 32'' W
SNFX;PA0013;S‌O F‌LIX DO XINGU;S‌O F‌LIX DO XINGU;PA;6‌ 38' 29'' S;51‌ 57' 8'' W
SNGA;ES0007;GUARAPARI;GUARAPARI;ES;20‌ 38' 47'' S;40‌ 29' 30'' W
SNGB;PI0011;GILBU‌S;GILBU‌S;PI;9‌ 50' 1'' S;45‌ 22' 2'' W
SNGD;PI0005;GUADALUPE;GUADALUPE;PI;6‌ 46' 59'' S;43‌ 34' 51'' W
SNGG;PI0007;BOM JESUS DO GURGU‌IA;BOM JESUS;PI;9‌ 3' 34'' S;44‌ 22' 9'' W
SNGI;BA0009;AER‌DROMO DE GUANAMBI;GUANAMBI;BA;14‌ 12' 29'' S;42‌ 44' 46'' W
SNGN;PE0006;GARANHUNS;GARANHUNS;PE;8‌ 50' 4'' S;36‌ 28' 17'' W
SNGX;MG0023;GUAXUP‌;GUAXUP‌;MG;21‌ 19' 36'' S;46‌ 43' 49'' W
SNHS;PE0005;SANTA MAGALH‌ES;SERRA TALHADA;PE;8‌ 3' 41'' S;38‌ 19' 43'' W
SNIB;BA0045;ITABERABA;ITABERABA;BA;12‌ 29' 59'' S;40‌ 16' 13'' W
SNIC;BA0019;IREC‌;IREC‌;BA;11‌ 20' 24'' S;41‌ 50' 49'' W
SNIE;BA0020;CAETIT‌;CAETIT‌;BA;14‌ 0' 44'' S;42‌ 29' 38'' W
SNIG;CE0007;IGUATU;IGUATU;CE;6‌ 20' 48'' S;39‌ 17' 40'' W
SNIO;BA0010;CIP‌;CIP‌;BA;11‌ 7' 31'' S;38‌ 29' 13'' W
SNIP;BA0057;ITAPETINGA;ITAPETINGA;BA;15‌ 14' 40'' S;40‌ 16' 38'' W
SNIT;BA0046;IBOTIRAMA;IBOTIRAMA;BA;12‌ 10' 6'' S;43‌ 13' 21'' W
SNIU;BA0030;IPIA‌;IPIA‌;BA;14‌ 10' 24'' S;39‌ 41' 3'' W
SNJB;BA0062;JACOBINA;JACOBINA;BA;11‌ 9' 47'' S;40‌ 33' 12'' W
SNJK;BA0047;JEQUI‌;JEQUI‌;BA;13‌ 52' 40'' S;40‌ 4' 17'' W
SNJM;MG0050;ELIAS BREDER;MANHUA‌U;MG;20‌ 15' 35'' S;42‌ 11' 2'' W
SNJP;MG0036;JO‌O PINHEIRO;JO‌O PINHEIRO;MG;17‌ 47' 15'' S;46‌ 7' 13'' W
SNJQ;MG0053;JEQUITINHONHA;JEQUITINHONHA;MG;16‌ 26' 29'' S;41‌ 2' 14'' W
SNJR;MG0034;PREFEITO OCT‌VIO DE ALMEIDA NEVES;S‌O JO‌O DEL REI;MG;21‌ 5' 8'' S;44‌ 13' 31'' W
SNKD;MG0070;CONCEI‌‌O DO MATO DENTRO;CONCEI‌‌O DO MATO DENTRO;MG;19‌ 1' 7'' S;43‌ 26' 7'' W
SNKF;MG0071;DAS BANDEIRINHAS;CONSELHEIRO LAFAIETE;MG;20‌ 44' 19'' S;43‌ 47' 51'' W
SNKI;ES0006;AER‌DROMO DE CACHOEIRO DE ITAPEMIRIM;CACHOEIRO DE ITAPEMIRIM;ES;20‌ 50' 7'' S;41‌ 11' 11'' W
SNKN;RN0004;CURRAIS NOVOS;CURRAIS NOVOS;RN;6‌ 16' 51'' S;36‌ 32' 25'' W
SNKR;PI0012;CORRENTE;CORRENTE;PI;10‌ 27' 7'' S;45‌ 8' 11'' W
SNLI;MG0040;ABAET‌;ABAET‌;MG;19‌ 9' 21'' S;45‌ 29' 42'' W
SNLN;ES0002;MUNICIPAL DE LINHARES;LINHARES;ES;19‌ 21' 19'' S;40‌ 4' 17'' W
SNLO;MG0037;S‌O LOUREN‌O;S‌O LOUREN‌O;MG;22‌ 5' 27'' S;45‌ 2' 40'' W
SNLT;PI0010;PAULISTANA;PAULISTANA;PI;8‌ 9' 59'' S;41‌ 9' 14'' W
SNMA;PA0019;MONTE ALEGRE;MONTE ALEGRE;PA;1‌ 59' 48'' S;54‌ 4' 17'' W
SNMH;GO0018;PIREN‌POLIS;PIREN‌POLIS;GO;15‌ 50' 55'' S;48‌ 58' 58'' W
SNMJ;BA0031;MARAC‌S;MARAC‌S;BA;13‌ 23' 10'' S;40‌ 27' 58'' W
SNMK;MG0017;MOCAMBINHO;JA‌BA;MG;15‌ 5' 35'' S;43‌ 58' 45'' W
SNMN;MG0075;MINAS NOVAS;MINAS NOVAS;MG;17‌ 15' 50'' S;42‌ 32' 21'' W
SNMR;BA0065;MARA‌;MARA‌;BA;14‌ 8' 36'' S;39‌ 0' 24'' W
SNMX;ES0003;S‌O MATEUS;S‌O MATEUS;ES;18‌ 43' 17'' S;39‌ 50' 1'' W
SNMZ;PA0020;PORTO DE MOZ;PORTO DE MOZ;PA;1‌ 44' 29'' S;52‌ 14' 9'' W
SNNE;MG0078;SEBASTI‌O CARLOS LEITE;S‌O JO‌O NEPOMUCENO;MG;21‌ 32' 32'' S;43‌ 1' 16'' W
SNNU;MG0041;NANUQUE;NANUQUE;MG;17‌ 49' 23'' S;40‌ 19' 47'' W
SNOE;PI0008;OEIRAS;OEIRAS;PI;7‌ 1' 8'' S;42‌ 10' 2'' W
SNOF;MG0057;OURO FINO;OURO FINO;MG;22‌ 17' 50'' S;46‌ 23' 33'' W
SNOS;MG0024;MUNICIPAL JOS‌ FIGUEIREDO;PASSOS;MG;20‌ 43' 55'' S;46‌ 39' 43'' W
SNOX;PA0014;ORIXIMIN‌;ORIXIMIN‌;PA;1‌ 42' 49'' S;55‌ 50' 9'' W
SNPA;MG0052;PAR‌ DE MINAS;PAR‌ DE MINAS;MG;19‌ 50' 33'' S;44‌ 36' 3'' W
SNPC;PI0009;PICOS;PICOS;PI;7‌ 3' 41'' S;41‌ 31' 33'' W
SNPD;MG0010;PATOS DE MINAS;PATOS DE MINAS;MG;18‌ 40' 20'' S;46‌ 29' 29'' W
SNPJ;MG0042;PATROC‌NIO;PATROC‌NIO;MG;18‌ 54' 33'' S;46‌ 58' 58'' W
SNPQ;PE0010;PESQUEIRA;PESQUEIRA;PE;8‌ 22' 29'' S;36‌ 38' 16'' W
SNPU;MG0073;COMANDANTE VIRGILIO BORIM;PARAGUA‌U;MG;21‌ 33' 41'' S;45‌ 45' 17'' W
SNPX;MG0028;PIRAPORA;PIRAPORA;MG;17‌ 18' 50'' S;44‌ 51' 31'' W
SNPY;MG0013;S‌O SEBASTI‌O DO PARA‌SO;S‌O SEBASTI‌O DO PARA‌SO;MG;20‌ 56' 54'' S;46‌ 58' 59'' W
SNQD;PB0006;SOUSA;SOUSA;PB;6‌ 47' 8'' S;38‌ 14' 2'' W
SNQG;PI0003;CANGAPARA;FLORIANO;PI;6‌ 50' 46'' S;43‌ 4' 41'' W
SNQU;BA0032;MUCUG‌;MUCUG‌;BA;13‌ 1' 54'' S;41‌ 26' 40'' W
SNQV;MG0044;CURVELO;CURVELO;MG;18‌ 44' 58'' S;44‌ 27' 29'' W
SNQX;CE0010;QUIXAD‌;QUIXAD‌;CE;4‌ 58' 44'' S;38‌ 59' 16'' W
SNRD;BA0048;PRADO;PRADO;BA;17‌ 17' 49'' S;39‌ 16' 19'' W
SNRM;BA0022;REMANSO;REMANSO;BA;9‌ 34' 48'' S;42‌ 6' 57'' W
SNRP;MG0066;RIO PARANA‌BA;RIO PARANA‌BA;MG;19‌ 12' 45'' S;46‌ 14' 26'' W
SNRU;PE0004;CARUARU;CARUARU;PE;8‌ 17' 4'' S;36‌ 0' 39'' W
SNRX;MA0009;RIACH‌O;RIACH‌O;MA;7‌ 20' 47'' S;46‌ 37' 39'' W
SNRZ;MG0049;OLIVEIRA;OLIVEIRA;MG;20‌ 42' 52'' S;44‌ 51' 55'' W
SNSE;BA0056;SENTO S‌;SENTO S‌;BA;9‌ 45' 27'' S;41‌ 51' 18'' W
SNSG;PE0008;SALGUEIRO;SALGUEIRO;PE;8‌ 2' 48'' S;39‌ 8' 2'' W
SNSI;MG0076;SANTA MARIA DO SUA‌U‌;SANTA MARIA DO SUA‌U‌;MG;18‌ 11' 55'' S;42‌ 27' 58'' W
SNSM;PA0029;SALIN‌POLIS;SALIN‌POLIS;PA;0‌ 41' 47'' S;47‌ 20' 12'' W
SNSS;MG0029;SALINAS;SALINAS;MG;16‌ 12' 30'' S;42‌ 19' 19'' W
SNTF;BA0016;TEIXEIRA DE FREITAS;TEIXEIRA DE FREITAS;BA;17‌ 31' 28'' S;39‌ 40' 6'' W
SNTI;PA0016;‌BIDOS;‌BIDOS;PA;1‌ 52' 5'' S;55‌ 30' 52'' W
SNTO;MG0048;JUSCELINO KUBITSCHECK;TE‌FILO OTONI;MG;17‌ 53' 27'' S;41‌ 30' 54'' W
SNTQ;BA0053;BURITIRAMA;BURITIRAMA;BA;10‌ 43' 18'' S;43‌ 39' 13'' W
SNTS;PB0005;BRIGADEIRO FIRMINO AYRES;PATOS;PB;7‌ 2' 16'' S;37‌ 15' 27'' W
SNUB;MG0058;UB‌;UB‌;MG;21‌ 7' 12'' S;42‌ 53' 1'' W
SNUH;MG0054;PIUMHI;PIUMHI;MG;20‌ 26' 20'' S;45‌ 59' 32'' W
SNUI;MG0045;ARA‌UA‌;ARA‌UA‌;MG;16‌ 51' 7'' S;42‌ 2' 46'' W
SNUN;MG0055;UNA‌;UNA‌;MG;16‌ 21' 14'' S;46‌ 55' 37'' W
SNVB;BA0008;VALEN‌A;VALEN‌A;BA;13‌ 17' 47'' S;38‌ 59' 33'' W
SNVC;MG0074;VI‌OSA;VI‌OSA;MG;20‌ 44' 42'' S;42‌ 50' 29'' W
SNVD;BA0050;SANTA MARIA DA VIT‌RIA;SANTA MARIA DA VIT‌RIA;BA;13‌ 24' 17'' S;44‌ 13' 23'' W
SNVI;MG0035;MELLO VIANA;TR‌S CORA‌‌ES;MG;21‌ 47' 21'' S;45‌ 16' 5'' W
SNVS;PA0015;BREVES;BREVES;PA;1‌ 38' 11'' S;50‌ 26' 36'' W
SNWC;CE0011;CAMOCIM;CAMOCIM;CE;2‌ 53' 45'' S;40‌ 51' 32'' W
SNWS;CE0005;CRATE‌S;CRATE‌S;CE;5‌ 12' 40'' S;40‌ 42' 15'' W
SNXB;MG0025;CAXAMBU;CAXAMBU;MG;21‌ 55' 3'' S;44‌ 58' 10'' W
SNXQ;BA0018;XIQUE-XIQUE;XIQUE-XIQUE;BA;10‌ 50' 3'' S;42‌ 41' 0'' W
SNYA;PA0024;AER‌DROMO P‌BLICO DE ALMEIRIM;ALMEIRIM;PA;1‌ 28' 45'' S;52‌ 34' 41'' W
SNYB;MG0047;TITO TEIXEIRA;ITUIUTABA;MG;19‌ 0' 5'' S;49‌ 29' 14'' W
SNYE;MA0004;PINHEIRO;PINHEIRO;MA;2‌ 28' 39'' S;45‌ 6' 18'' W
SNYU;MG0014;ITURAMA;ITURAMA;MG;19‌ 43' 2'' S;50‌ 13' 13'' W
SNZA;MG0038;POUSO ALEGRE;POUSO ALEGRE;MG;22‌ 17' 20'' S;45‌ 55' 10'' W
SNZR;MG0026;PEDRO RABELO DE SOUZA;PARACATU;MG;17‌ 14' 34'' S;46‌ 52' 59'' W
SSAB;PR0024;MOIS‌S LUPION;IBAITI;PR;23‌ 45' 46'' S;50‌ 15' 47'' W
SSAE;RS0040;ARROIO GRANDE;ARROIO GRANDE;RS;32‌ 13' 45'' S;53‌ 3' 21'' W
SSAK;RS0048;CARLOS RUHL;CRUZ ALTA;RS;28‌ 39' 31'' S;53‌ 36' 41'' W
SSAN;PR0032;JO‌O GALDINO;ANDIR‌;PR;23‌ 1' 38'' S;50‌ 13' 37'' W
SSAP;PR0014;CAPIT‌O JO‌O BUSSE;APUCARANA;PR;23‌ 36' 44'' S;51‌ 23' 6'' W
SSAQ;RS0036;AEROCLUBE DE PASSO FUNDO;PASSO FUNDO;RS;28‌ 15' 2'' S;52‌ 31' 0'' W
SSBL;SC0019;BLUMENAU;BLUMENAU;SC;26‌ 49' 54'' S;49‌ 5' 37'' W
SSBN;RS0002;BEL‌M NOVO;PORTO ALEGRE;RS;30‌ 11' 21'' S;51‌ 10' 57'' W
SSBV;MS0011;BELA VISTA;BELA VISTA;MS;22‌ 4' 56'' S;56‌ 32' 18'' W
SSCB;SP0044;MUNICIPAL DE CASA BRANCA;CASA BRANCA;SP;21‌ 47' 17'' S;47‌ 3' 20'' W
SSCD;MS0007;CHAPAD‌O DO SUL;CHAPAD‌O DO SUL;MS;18‌ 50' 21'' S;52‌ 29' 17'' W
SSCI;MS0012;COXIM;COXIM;MS;18‌ 28' 53'' S;54‌ 42' 57'' W
SSCK;SC0010;OLAVO CECCO RIGON;CONC‌RDIA;SC;27‌ 10' 50'' S;52‌ 3' 4'' W
SSCL;MS0018;CASSIL‌NDIA;CASSIL‌NDIA;MS;19‌ 8' 49'' S;51‌ 40' 35'' W
SSCN;RS0019;CANELA;CANELA;RS;29‌ 22' 14'' S;50‌ 49' 56'' W
SSCP;PR0015;FRANCISCO LACERDA J‌NIOR;CORN‌LIO PROC‌PIO;PR;23‌ 9' 9'' S;50‌ 36' 9'' W
SSCR;PR0016;RUBEN BERTA;MARECHAL C‌NDIDO RONDON;PR;24‌ 30' 46'' S;54‌ 3' 17'' W
SSCT;PR0025;ENGENHEIRO GAST‌O DE MESQUITA FILHO;CIANORTE;PR;23‌ 41' 30'' S;52‌ 38' 32'' W
SSEE;RS0054;REGIONAL DO VALE DO TAQUARI;ESTRELA;RS;29‌ 27' 12'' S;51‌ 56' 3'' W
SSEP;RS0031;S‌O SEP‌;S‌O SEP‌;RS;30‌ 10' 56'' S;53‌ 34' 46'' W
SSER;RS0018;ERECHIM;ERECHIM;RS;27‌ 39' 48'' S;52‌ 16' 19'' W
SSEZ;RS0050;ESPUMOSO;ESPUMOSO;RS;28‌ 44' 17'' S;52‌ 51' 20'' W
SSFB;PR0021;PAULO ABDALA;FRANCISCO BELTR‌O;PR;26‌ 3' 32'' S;53‌ 3' 48'' W
SSFL;PI0006;JO‌O PEREIRA DOS SANTOS FILHO;FRONTEIRAS;PI;7‌ 6' 0'' S;40‌ 37' 42'' W
SSGA;RS0020;GARIBALDI;GARIBALDI;RS;29‌ 16' 6'' S;51‌ 31' 56'' W
SSGB;PR0035;MUNICIPAL DE GUARATUBA;GUARATUBA;PR;25‌ 52' 50'' S;48‌ 36' 44'' W
SSGG;PR0009;AEROPORTO REGIONAL DE GUARAPUAVA - TANCREDO THOM‌S DE FARIA;GUARAPUAVA;PR;25‌ 23' 18'' S;51‌ 31' 25'' W
SSGW;PR0037;MANOEL RIBAS;GOIOER‌;PR;24‌ 13' 11'' S;53‌ 2' 38'' W
SSGY;PR0023;GUA‌RA;GUA‌RA;PR;24‌ 4' 47'' S;54‌ 11' 17'' W
SSHZ;RS0037;WALTER B‌NDCHEN;HORIZONTINA;RS;27‌ 38' 18'' S;54‌ 20' 20'' W
SSIE;MS0002;TERUEL IPANEMA EST‌NCIA;CAMPO GRANDE;MS;20‌ 36' 14'' S;54‌ 35' 43'' W
SSIJ;RS0032;IJU‌;IJU‌;RS;28‌ 22' 7'' S;53‌ 50' 47'' W
SSIM;SC0009;FORQUILHINHA-CRICI‌MA;FORQUILHINHA;SC;28‌ 43' 33'' S;49‌ 25' 29'' W
SSIQ;RS0045;ITAQUI;ITAQUI;RS;29‌ 10' 19'' S;56‌ 32' 18'' W
SSIR;RS0049;IBIRUB‌;IBIRUB‌;RS;28‌ 36' 15'' S;53‌ 4' 43'' W
SSJA;SC0014;SANTA TEREZINHA;JOA‌ABA;SC;27‌ 10' 22'' S;51‌ 33' 6'' W
SSJI;MS0019;JARDIM;JARDIM;MS;21‌ 29' 34'' S;56‌ 9' 9'' W
SSJK;RS0028;J‌LIO DE CASTILHOS;J‌LIO DE CASTILHOS;RS;29‌ 9' 11'' S;53‌ 44' 36'' W
SSKG;MS0003;EST‌NCIA SANTA MARIA;CAMPO GRANDE;MS;20‌ 30' 20'' S;54‌ 31' 29'' W
SSKK;RS0052;CAP‌O DA CANOA;CAP‌O DA CANOA;RS;29‌ 45' 49'' S;50‌ 2' 13'' W
SSKM;PR0017;CAMPO MOUR‌O;CAMPO MOUR‌O;PR;24‌ 0' 9'' S;52‌ 21' 25'' W
SSKS;RS0039;BRIGADEIRO NERO MOURA;CACHOEIRA DO SUL;RS;30‌ 0' 8'' S;52‌ 56' 25'' W
SSKU;SC0016;LAURO ANT‌NIO DA COSTA;CURITIBANOS;SC;27‌ 17' 14'' S;50‌ 36' 14'' W
SSKW;RO0004;CACOAL;CACOAL;RO;11‌ 29' 44'' S;61‌ 27' 3'' W
SSKZ;RS0009;CARAZINHO;CARAZINHO;RS;28‌ 19' 18'' S;52‌ 49' 0'' W
SSLG;RS0021;S‌O LUIZ GONZAGA;S‌O LUIZ GONZAGA;RS;28‌ 22' 35'' S;55‌ 2' 15'' W
SSLN;SC0018;HELMUTH BAUNGARTEM;LONTRAS;SC;27‌ 9' 35'' S;49‌ 32' 34'' W
SSLO;PR0031;ATTILLIO ACCORSI;LOANDA;PR;22‌ 55' 4'' S;53‌ 8' 59'' W
SSLT;RS0022;GAUD‌NCIO MACHADO RAMOS;ALEGRETE;RS;29‌ 48' 45'' S;55‌ 53' 36'' W
SSMJ;MS0020;MARACAJU;MARACAJU;MS;21‌ 38' 2'' S;55‌ 8' 42'' W
SSMR;PR0026;MANOEL RIBAS;MANOEL RIBAS;PR;24‌ 31' 46'' S;51‌ 39' 6'' W
SSMT;RS0044;MOSTARDAS;MOSTARDAS;RS;31‌ 6' 4'' S;50‌ 54' 29'' W
SSNB;MS0015;ARIOSTO DA RIVA;NAVIRA‌;MS;23‌ 2' 3'' S;54‌ 10' 40'' W
SSNG;RS0046;HELIO ALVES DE OLIVEIRA;MONTENEGRO;RS;29‌ 43' 11'' S;51‌ 29' 20'' W
SSNH;RS0023;NOVO HAMBURGO;NOVO HAMBURGO;RS;29‌ 41' 57'' S;51‌ 4' 55'' W
SSNP;RS0041;ILMO ALO‌SIO BLUME;NOVA PRATA;RS;28‌ 48' 14'' S;51‌ 36' 8'' W
SSNQ;MS0016;NIOAQUE;NIOAQUE;MS;21‌ 11' 4'' S;55‌ 49' 52'' W
SSOE;SC0015;H‌LIO WASUM;S‌O MIGUEL DO OESTE;SC;26‌ 46' 52'' S;53‌ 30' 12'' W
SSOG;PR0027;ARAPONGAS;ARAPONGAS;PR;23‌ 21' 10'' S;51‌ 29' 30'' W
SSOI;SP0043;PEDERNEIRAS;PEDERNEIRAS;SP;22‌ 18' 26'' S;48‌ 46' 23'' W
SSOL;MG0027;PADRE ISRAEL (ISRAEL BATISTA DE CARVALHO);LAVRAS;MG;21‌ 14' 26'' S;44‌ 57' 51'' W
SSOS;RS0042;OS‌RIO;OS‌RIO;RS;29‌ 54' 8'' S;50‌ 14' 57'' W
SSPG;PR0011;SANTOS DUMONT;PARANAGU‌;PR;25‌ 32' 25'' S;48‌ 31' 52'' W
SSPI;PR0010;EDU CHAVES;PARANAVA‌;PR;23‌ 5' 24'' S;52‌ 29' 19'' W
SSPL;RS0043;PALMEIRA DAS MISS‌ES;PALMEIRA DAS MISS‌ES;RS;27‌ 54' 6'' S;53‌ 19' 48'' W
SSPM;MS0013;PORTO MURTINHO;PORTO MURTINHO;MS;21‌ 42' 46'' S;57‌ 52' 45'' W
SSPN;MS0010;PARANA‌BA;PARANA‌BA;MS;19‌ 39' 4'' S;51‌ 11' 58'' W
SSPS;PR0036;DIMORVAN CARRARO;PALMAS;PR;26‌ 28' 20'' S;51‌ 58' 32'' W
SSPT;PR0028;BRAS‌LIO MARQUES;PALOTINA;PR;24‌ 20' 36'' S;53‌ 49' 43'' W
SSQC;PR0029;AGUINALDO PEREIRA LIMA;SIQUEIRA CAMPOS;PR;23‌ 40' 29'' S;49‌ 48' 56'' W
SSQP;BA0061;MONTE SANTO;MONTE SANTO;BA;10‌ 27' 55'' S;39‌ 17' 10'' W
SSQT;PR0013;MAJOR NEODO S. PEREIRA;CASTRO;PR;24‌ 48' 27'' S;49‌ 57' 34'' W
SSRE;PR0030;REALEZA;REALEZA;PR;25‌ 48' 4'' S;53‌ 30' 47'' W
SSRF;BA0034;CASTRO ALVES;CASTRO ALVES;BA;12‌ 46' 4'' S;39‌ 26' 41'' W
SSRG;SP0030;AEROPORTO ESTADUAL DE REGISTRO;REGISTRO;SP;24‌ 31' 54'' S;47‌ 50' 25'' W
SSRS;MA0008;BARREIRINHAS;BARREIRINHAS;MA;2‌ 45' 24'' S;42‌ 48' 12'' W
SSRU;RS0034;S‌O LOUREN‌O DO SUL;S‌O LOUREN‌O DO SUL;RS;31‌ 23' 5'' S;52‌ 1' 57'' W
SSRZ;RS0024;D‌RIO BRASIL CAPOANO DE OLIVEIRA;ROS‌RIO DO SUL;RS;30‌ 16' 39'' S;54‌ 55' 31'' W
SSSB;RS0014;S‌O BORJA;S‌O BORJA;RS;28‌ 39' 17'' S;56‌ 2' 5'' W
SSSC;RS0029;SANTA CRUZ DO SUL;SANTA CRUZ DO SUL;RS;29‌ 41' 3'' S;52‌ 24' 44'' W
SSSD;RS0017;SOLEDADE;SOLEDADE;RS;28‌ 51' 48'' S;52‌ 32' 26'' W
SSSG;RS0035;S‌O GABRIEL;S‌O GABRIEL;RS;30‌ 20' 42'' S;54‌ 16' 4'' W
SSSS;SC0022;S‌O FRANCISCO DO SUL;S‌O FRANCISCO DO SUL;SC;26‌ 13' 16'' S;48‌ 33' 52'' W
SSST;RS0015;SANTIAGO;SANTIAGO;RS;29‌ 12' 54'' S;54‌ 50' 30'' W
SSSZ;PR0033;SERTAN‌POLIS;SERTAN‌POLIS;PR;23‌ 3' 43'' S;51‌ 0' 50'' W
SSTB;SC0013;TR‌S BARRAS;TR‌S BARRAS;SC;26‌ 7' 58'' S;50‌ 18' 35'' W
SSTE;RS0011;TORRES;TORRES;RS;29‌ 24' 54'' S;49‌ 48' 36'' W
SSUM;PR0019;ORLANDO DE CARVALHO;UMUARAMA;PR;23‌ 47' 57'' S;53‌ 18' 50'' W
SSUV;PR0034;JOS‌ CLETO;UNI‌O DA VIT‌RIA;PR;26‌ 13' 55'' S;51‌ 4' 3'' W
SSVI;SC0011;‌NGELO PONZONI;VIDEIRA;SC;26‌ 59' 59'' S;51‌ 8' 29'' W
SSVL;PR0007;TEL‌MACO BORBA (SBTL*);TEL‌MACO BORBA;PR;24‌ 18' 59'' S;50‌ 39' 8'' W
SSVN;RS0030;VERAN‌POLIS;VERAN‌POLIS;RS;28‌ 56' 8'' S;51‌ 34' 4'' W
SSWS;RS0025;CA‌APAVA DO SUL;CA‌APAVA DO SUL;RS;30‌ 32' 59'' S;53‌ 27' 29'' W
SSXX;SC0017;MUNICIPAL JO‌O WINCKLER;XANXER‌;SC;26‌ 52' 30'' S;52‌ 22' 22'' W
SSZR;RS0027;LUIS ALBERTO LEHR;SANTA ROSA;RS;27‌ 54' 32'' S;54‌ 31' 20'' W
SWBC;AM0017;BARCELOS;BARCELOS;AM;0‌ 58' 52'' S;62‌ 55' 10'' W
SWBE;CE0006;WALFRIDO SALMITO DE ALMEIDA;S‌O BENEDITO;CE;4‌ 2' 34'' S;40‌ 53' 38'' W
SWBG;MT0009;ANDR‌ ANT‌NIO MAGGI;PONTES E LACERDA;MT;15‌ 11' 36'' S;59‌ 23' 7'' W
SWBR;AM0018;BORBA;BORBA;AM;4‌ 24' 22'' S;59‌ 36' 9'' W
SWCA;AM0007;CARAUARI;CARAUARI;AM;4‌ 52' 17'' S;66‌ 53' 51'' W
SWCB;GO0023;CAMPOS BELOS;CAMPOS BELOS;GO;13‌ 0' 25'' S;46‌ 42' 39'' W
SWCQ;RO0007;COSTA MARQUES;COSTA MARQUES;RO;12‌ 25' 14'' S;64‌ 15' 6'' W
SWCZ;GO0024;CERES;CERES;GO;15‌ 20' 38'' S;49‌ 36' 16'' W
SWDM;MT0015;DIAMANTINO;DIAMANTINO;MT;14‌ 22' 36'' S;56‌ 24' 2'' W
SWDN;TO0006;DIAN‌POLIS;DIAN‌POLIS;TO;11‌ 35' 43'' S;46‌ 50' 52'' W
SWEI;AM0009;EIRUNEP‌;EIRUNEP‌;AM;6‌ 38' 22'' S;69‌ 52' 47'' W
SWEK;MT0024;CANARANA;CANARANA;MT;13‌ 34' 39'' S;52‌ 16' 5'' W
SWFN;AM0002;FLORES;MANAUS;AM;3‌ 4' 22'' S;60‌ 1' 16'' W
SWFR;GO0014;FORMOSA;FORMOSA;GO;15‌ 33' 22'' S;47‌ 20' 41'' W
SWFX;MT0022;S‌O F‌LIX DO ARAGUAIA;S‌O F‌LIX DO ARAGUAIA;MT;11‌ 37' 57'' S;50‌ 41' 22'' W
SWGI;TO0004;GURUPI;GURUPI;TO;11‌ 44' 22'' S;49‌ 8' 0'' W
SWGN;TO0002;ARAGUA‌NA;ARAGUA‌NA;TO;7‌ 13' 42'' S;48‌ 14' 27'' W
SWHP;MT0006;FREDERICO CARLOS M‌LLER;‌GUA BOA;MT;14‌ 1' 11'' S;52‌ 9' 7'' W
SWHT;AM0019;HUMAIT‌;HUMAIT‌;AM;7‌ 32' 5'' S;63‌ 4' 20'' W
SWII;AM0013;IPIRANGA;SANTO ANT‌NIO DO I‌‌;AM;2‌ 56' 25'' S;69‌ 41' 39'' W
SWIQ;GO0019;AEROPORTO MUNICIPAL JOS‌ CAIRES DE OLIVEIRA;MINA‌U;GO;13‌ 32' 57'' S;48‌ 11' 44'' W
SWJN;MT0007;JU‌NA;JU‌NA;MT;11‌ 25' 10'' S;58‌ 42' 36'' W
SWJW;GO0008;JATA‌;JATA‌;GO;17‌ 49' 48'' S;51‌ 46' 31'' W
SWKC;MT0017;C‌CERES;C‌CERES;MT;16‌ 2' 33'' S;57‌ 37' 48'' W
SWKO;AM0010;COARI;COARI;AM;4‌ 8' 3'' S;63‌ 7' 57'' W
SWKQ;PI0004;SERRA DA CAPIVARA/S‌O RAIMUNDO NONATO;S‌O RAIMUNDO NONATO;PI;9‌ 5' 0'' S;42‌ 38' 41'' W
SWKT;GO0015;CATAL‌O;CATAL‌O;GO;18‌ 13' 1'' S;47‌ 53' 58'' W
SWLB;AM0024;L‌BREA;L‌BREA;AM;7‌ 16' 44'' S;64‌ 46' 10'' W
SWLC;GO0009;GENERAL LEITE DE CASTRO;RIO VERDE;GO;17‌ 50' 5'' S;50‌ 57' 22'' W
SWME;GO0033;MINEIROS;MINEIROS;GO;17‌ 33' 5'' S;52‌ 33' 24'' W
SWMW;AM0020;MAU‌S;MAU‌S;AM;3‌ 22' 19'' S;57‌ 43' 29'' W
SWNH;GO0017;ARUAN‌;ARUAN‌;GO;14‌ 55' 59'' S;51‌ 2' 54'' W
SWNK;AM0011;NOVO CAMPO;BOCA DO ACRE;AM;8‌ 50' 5'' S;67‌ 18' 45'' W
SWNQ;GO0016;NIQUEL‌NDIA;NIQUEL‌NDIA;GO;14‌ 26' 11'' S;48‌ 29' 31'' W
SWNS;GO0004;AN‌POLIS;AN‌POLIS;GO;16‌ 21' 45'' S;48‌ 55' 41'' W
SWOB;AM0014;FONTE BOA;FONTE BOA;AM;2‌ 31' 57'' S;66‌ 4' 60'' W
SWPG;MT0010;PORTO DOS GA‌CHOS;PORTO DOS GA‌CHOS;MT;11‌ 32' 24'' S;57‌ 22' 41'' W
SWPI;AM0006;PARINTINS;PARINTINS;AM;2‌ 40' 25'' S;56‌ 46' 39'' W
SWPK;MT0021;POCON‌;POCON‌;MT;16‌ 16' 18'' S;56‌ 39' 4'' W
SWPM;RO0009;PIMENTA BUENO;PIMENTA BUENO;RO;11‌ 38' 29'' S;61‌ 10' 44'' W
SWPR;GO0029;PIRES DO RIO;PIRES DO RIO;GO;17‌ 19' 8'' S;48‌ 20' 7'' W
SWPY;MT0023;PRIMAVERA DO LESTE;PRIMAVERA DO LESTE;MT;15‌ 33' 45'' S;54‌ 19' 50'' W
SWPZ;GO0010;OURI‌ANGA DE ABREU;POSSE;GO;14‌ 7' 5'' S;46‌ 20' 43'' W
SWRO;RO0002;AEROCLUBE DE ROND‌NIA;PORTO VELHO;RO;8‌ 47' 39'' S;63‌ 51' 27'' W
SWTO;TO0008;PARA‌SO DO TOCANTINS;PARA‌SO DO TOCANTINS;TO;10‌ 10' 26'' S;48‌ 55' 58'' W
SWTP;AM0022;SANTA ISABEL DO RIO NEGRO;SANTA ISABEL DO RIO NEGRO;AM;0‌ 22' 43'' S;64‌ 59' 35'' W
SWTS;MT0012;TANGAR‌ DA SERRA;TANGAR‌ DA SERRA;MT;14‌ 39' 43'' S;57‌ 26' 38'' W
SWTY;TO0009;TAGUATINGA;TAGUATINGA;TO;12‌ 26' 6'' S;46‌ 24' 1'' W
SWUA;GO0011;S‌O MIGUEL DO ARAGUAIA;S‌O MIGUEL DO ARAGUAIA;GO;13‌ 20' 2'' S;50‌ 12' 21'' W
SWUD;MG0069;DEPUTADO OSWALDO TOLENTINO;CL‌UDIO;MG;20‌ 26' 45'' S;44‌ 48' 47'' W
SWUZ;GO0025;BRIGADEIRO ARARIPE MACEDO;LUZI‌NIA;GO;16‌ 15' 42'' S;47‌ 58' 7'' W
SWVC;MT0016;VILA RICA;VILA RICA;MT;9‌ 58' 52'' S;51‌ 8' 26'' W
SWWA;GO0012;PORANGATU;PORANGATU;GO;13‌ 24' 16'' S;49‌ 9' 26'' W
SWWU;GO0013;URUA‌U;URUA‌U;GO;14‌ 32' 41'' S;49‌ 5' 28'' W
SWXM;MT0014;REGIONAL ORLANDO VILLAS BOAS;MATUP‌;MT;10‌ 10' 12'' S;54‌ 57' 14'' W
SWXQ;SP0015;LINS;LINS;SP;21‌ 39' 46'' S;49‌ 43' 52'' W
SWXV;MT0013;XAVANTINA;NOVA XAVANTINA;MT;14‌ 41' 27'' S;52‌ 20' 57'' W
SWYN;AM0023;APU‌;APU‌;AM;7‌ 10' 20'' S;59‌ 50' 20'' W
