cod_ICAO,CÓDIGO OACI,CIAD,NOME,MUNICÍPIO ATENDIDO,UF,LATITUDE,LONGITUDE
1,SBAC,CE0004,AEROPORTO REGIONAL DE CANOA QUEBRADA DRAGÃO DO MAR,ARACATI,CE,4° 34' 7'' S,37° 48' 17'' W
2,SBAE,SP0010,BAURU/AREALVA,BAURU,SP,22° 9' 28'' S,49° 4' 6'' W
3,SBAQ,SP0012,BARTOLOMEU DE GUSMÃO,ARARAQUARA,SP,21° 48' 43'' S,48° 7' 59'' W
4,SBAR,SE0001,SANTA MARIA,ARACAJU,SE,10° 59' 7'' S,37° 4' 24'' W
5,SBAT,MT0003,PILOTO OSVALDO MARQUES DIAS,ALTA FLORESTA,MT,9° 51' 59'' S,56° 6' 18'' W
6,SBAU,SP0009,ARAÇATUBA,ARAÇATUBA,SP,21° 8' 39'' S,50° 25' 35'' W
7,SBBE,PA0001,INTERNACIONAL DE BELÉM/VAL DE CANS/JÚLIO CEZAR RIBEIRO,BELÉM,PA,1° 23' 5'' S,48° 28' 44'' W
8,SBBR,DF0001,PRESIDENTE JUSCELINO KUBITSCHEK,BRASÍLIA,DF,15° 52' 9'' S,47° 55' 15'' W
9,SBBV,RR0001,ATLAS BRASIL CANTANHEDE,BOA VISTA,RR,2° 50' 29'' N,60° 41' 32'' W
10,SBBW,MT0008,BARRA DO GARÇAS,BARRA DO GARÇAS,MT,15° 51' 41'' S,52° 23' 20'' W
11,SBCA,PR0005,AEROPORTO REGIONAL DO OESTE - CEL. ADALBERTO MENDES DA SILVA,CASCAVEL,PR,25° 0' 8'' S,53° 30' 7'' W
12,SBCB,RJ0003,CABO FRIO,CABO FRIO,RJ,22° 55' 15'' S,42° 4' 17'' W
13,SBCF,MG0001,TANCREDO NEVES,BELO HORIZONTE,MG,19° 37' 28'' S,43° 58' 19'' W
14,SBCG,MS0001,CAMPO GRANDE,CAMPO GRANDE,MS,20° 28' 10'' S,54° 40' 13'' W
15,SBCH,SC0003,SERAFIN ENOSS BERTASO,CHAPECÓ,SC,27° 8' 2'' S,52° 39' 32'' W
16,SBCJ,PA0006,CARAJÁS,PARAUAPEBAS,PA,6° 6' 55'' S,50° 0' 5'' W
17,SBCN,GO0003,NELSON RODRIGUES GUIMARÃES,CALDAS NOVAS,GO,17° 43' 30'' S,48° 36' 23'' W
18,SBCP,RJ0006,BARTOLOMEU LISANDRO,CAMPOS DOS GOYTACAZES,RJ,21° 42' 4'' S,41° 18' 28'' W
19,SBCR,MS0009,CORUMBÁ,CORUMBÁ,MS,19° 0' 43'' S,57° 40' 17'' W
20,SBCT,PR0001,AFONSO PENA,CURITIBA,PR,25° 31' 54'' S,49° 10' 34'' W
21,SBCX,RS0007,HUGO CANTERGIANI,CAXIAS DO SUL,RS,29° 11' 53'' S,51° 11' 12'' W
22,SBCY,MT0001,MARECHAL RONDON,CUIABÁ,MT,15° 39' 0'' S,56° 7' 3'' W
23,SBDB,MS0004,AERÓDROMO PÚBLICO DE BONITO,BONITO,MS,21° 14' 50'' S,56° 27' 9'' W
24,SBDN,SP0005,PRESIDENTE PRUDENTE,PRESIDENTE PRUDENTE,SP,22° 10' 30'' S,51° 25' 28'' W
25,SBDO,MS0008,DOURADOS,DOURADOS,MS,22° 12' 2'' S,54° 55' 32'' W
26,SBEG,AM0001,EDUARDO GOMES,MANAUS,AM,3° 2' 28'' S,60° 3' 2'' W
27,SBFI,PR0002,CATARATAS,FOZ DO IGUAÇU,PR,25° 36' 1'' S,54° 29' 6'' W
28,SBFL,SC0001,HERCÍLIO LUZ,FLORIANÓPOLIS,SC,27° 40' 13'' S,48° 33' 9'' W
29,SBFN,PE0003,FERNANDO DE NORONHA,FERNANDO DE NORONHA,PE,3° 51' 17'' S,32° 25' 42'' W
30,SBFZ,CE0001,PINTO MARTINS,FORTALEZA,CE,3° 46' 33'' S,38° 31' 56'' W
31,SBGL,RJ0001,RIO DE JANEIRO/GALEÃO – ANTÔNIO CARLOS JOBIM,RIO DE JANEIRO,RJ,22° 48' 36'' S,43° 15' 2'' W
32,SBGO,GO0001,SANTA GENOVEVA/GOIÂNIA,GOIÂNIA,GO,16° 37' 57'' S,49° 13' 16'' W
33,SBGR,SP0002,GUARULHOS - GOVERNADOR ANDRÉ FRANCO MONTORO,GUARULHOS,SP,23° 26' 8'' S,46° 28' 23'' W
35,SBGV,MG0032,CORONEL ALTINO MACHADO,GOVERNADOR VALADARES,MG,18° 53' 46'' S,41° 58' 60'' W
36,SBHT,PA0003,ALTAMIRA,ALTAMIRA,PA,3° 15' 3'' S,52° 15' 8'' W
37,SBIL,BA0004,BAHIA - JORGE AMADO,ILHÉUS,BA,14° 48' 54'' S,39° 2' 0'' W
38,SBIP,MG0007,USIMINAS,SANTANA DO PARAÍSO,MG,19° 28' 14'' S,42° 29' 17'' W
39,SBIZ,MA0002,PREFEITO RENATO MOREIRA,IMPERATRIZ,MA,5° 31' 50'' S,47° 27' 30'' W
40,SBJA,SC0005,REGIONAL SUL,JAGUARUNA,SC,28° 40' 31'' S,49° 3' 34'' W
41,SBJE,CE0003,COMANDANTE ARISTON PESSOA,CRUZ,CE,2° 54' 24'' S,40° 21' 29'' W
42,SBJI,RO0005,JI-PARANÁ,JI-PARANÁ,RO,10° 52' 14'' S,61° 50' 48'' W
43,SBJP,PB0001,PRESIDENTE CASTRO PINTO,JOÃO PESSOA,PB,7° 8' 54'' S,34° 57' 1'' W
44,SBJU,CE0002,ORLANDO BEZERRA DE MENEZES,JUAZEIRO DO NORTE,CE,7° 13' 9'' S,39° 16' 10'' W
45,SBJV,SC0004,LAURO CARNEIRO DE LOYOLA,JOINVILLE,SC,26° 13' 23'' S,48° 47' 52'' W
46,SBKG,PB0003,PRESIDENTE JOÃO SUASSUNA,CAMPINA GRANDE,PB,7° 16' 9'' S,35° 53' 42'' W
47,SBKP,SP0003,VIRACOPOS,CAMPINAS,SP,23° 0' 25'' S,47° 8' 4'' W
48,SBLE,BA0006,HORÁCIO DE MATTOS,LENÇÓIS,BA,12° 28' 56'' S,41° 16' 37'' W
49,SBLJ,SC0007,LAGES,LAGES,SC,27° 46' 56'' S,50° 16' 54'' W
50,SBLO,PR0003,GOVERNADOR JOSÉ RICHA,LONDRINA,PR,23° 19' 49'' S,51° 8' 12'' W
51,SBMA,PA0004,JOÃO CORRÊA DA ROCHA,MARABÁ,PA,5° 22' 5'' S,49° 8' 17'' W
52,SBMD,PA0009,MONTE DOURADO,ALMEIRIM,PA,0° 53' 23'' S,52° 36' 8'' W
53,SBME,RJ0004,MACAÉ,MACAÉ,RJ,22° 20' 34'' S,41° 45' 50'' W
54,SBMG,PR0004,SÍLVIO NAME JÚNIOR,MARINGÁ,PR,23° 28' 35'' S,52° 1' 4'' W
55,SBMK,MG0004,MÁRIO RIBEIRO,MONTES CLAROS,MG,16° 42' 22'' S,43° 49' 19'' W
56,SBML,SP0014,FRANK MILOYE MILENKOVICH,MARÍLIA,SP,22° 11' 49'' S,49° 55' 35'' W
57,SBMO,AL0001,ZUMBI DOS PALMARES,MACEIÓ,AL,9° 30' 39'' S,35° 47' 30'' W
58,SBMQ,AP0001,ALBERTO ALCOLUMBRE,MACAPÁ,AP,0° 3' 2'' N,51° 4' 20'' W
59,SBMS,RN0002,DIX-SEPT ROSADO,MOSSORÓ,RN,5° 11' 45'' S,37° 21' 42'' W
60,SBNF,SC0002,MINISTRO VICTOR KONDER,NAVEGANTES,SC,26° 52' 43'' S,48° 39' 3'' W
61,SBNM,RS0008,SANTO ÂNGELO,SANTO ÂNGELO,RS,28° 16' 54'' S,54° 10' 6'' W
62,SBPA,RS0001,SALGADO FILHO,PORTO ALEGRE,RS,29° 59' 41'' S,51° 10' 16'' W
63,SBPB,PI0002,AEROPORTO INTERNACIONAL DE PARNAÍBA / PREFEITO DOUTOR JOÃO SILVA FILHO,PARNAÍBA,PI,2° 53' 36'' S,41° 43' 49'' W
64,SBPF,RS0006,LAURO KURTZ,PASSO FUNDO,RS,28° 14' 39'' S,52° 19' 42'' W
65,SBPG,PR0012,COMANDANTE ANTÔNIO AMILTON BERALDO,PONTA GROSSA,PR,25° 11' 4'' S,50° 8' 38'' W
66,SBPJ,TO0001,BRIGADEIRO LYSIAS RODRIGUES,PALMAS,TO,10° 17' 24'' S,48° 21' 28'' W
67,SBPK,RS0005,JOÃO SIMÕES LOPES NETO,PELOTAS,RS,31° 42' 58'' S,52° 19' 52'' W
68,SBPL,PE0002,AEROPORTO INTERNACIONAL SENADOR NILO COELHO,PETROLINA,PE,9° 22' 3'' S,40° 33' 49'' W
69,SBPS,BA0002,PORTO SEGURO,PORTO SEGURO,BA,16° 26' 17'' S,39° 4' 40'' W
70,SBPV,RO0001,GOVERNADOR JORGE TEIXEIRA DE OLIVEIRA,PORTO VELHO,RO,8° 42' 49'' S,63° 54' 10'' W
72,SBRD,MT0004,RONDONÓPOLIS - MAESTRO MARINHO FRANCO,RONDONÓPOLIS,MT,16° 35' 17'' S,54° 43' 18'' W
73,SBRF,PE0001,AEROPORTO INTERNACIONAL RECIFE/GUARARAPES - GILBERTO FREYRE,RECIFE,PE,8° 7' 35'' S,34° 55' 22'' W
74,SBRJ,RJ0002,SANTOS DUMONT,RIO DE JANEIRO,RJ,22° 54' 36'' S,43° 9' 45'' W
75,SBRP,SP0004,LEITE LOPES,RIBEIRÃO PRETO,SP,21° 8' 11'' S,47° 46' 36'' W
76,SBSG,RN0001,AEROPORTO INTERNACIONAL DO RIO GRANDE DO NORTE / SÃO GONÇALO DO AMARANTE - GOVERNADOR ALUIZIO ALVES,NATAL,RN,5° 46' 8'' S,35° 21' 59'' W
77,SBSJ,SP0008,PROFESSOR URBANO ERNESTO STUMPF,SÃO JOSÉ DOS CAMPOS,SP,23° 13' 44'' S,45° 52' 16'' W
78,SBSL,MA0001,MARECHAL CUNHA MACHADO,SÃO LUÍS,MA,2° 35' 13'' S,44° 14' 10'' W
79,SBSM,RS0003,SANTA MARIA,SANTA MARIA,RS,29° 42' 39'' S,53° 41' 32'' W
80,SBSN,PA0002,MAESTRO WILSON FONSECA,SANTARÉM,PA,2° 25' 29'' S,54° 47' 9'' W
81,SBSO,MT0005,REGIONAL DE SORRISO ADOLINO BEDIN,SORRISO,MT,12° 28' 22'' S,55° 40' 8'' W
82,SBSP,SP0001,SÃO PAULO/CONGONHAS - DEPUTADO FREITAS NOBRE,SÃO PAULO,SP,23° 37' 34'' S,46° 39' 23'' W
83,SBSR,SP0006,PROFESSOR ERIBERTO MANOEL REINO,SÃO JOSÉ DO RIO PRETO,SP,20° 49' 2'' S,49° 24' 25'' W
84,SBSV,BA0001,DEPUTADO LUÍS EDUARDO MAGALHÃES,SALVADOR,BA,12° 54' 31'' S,38° 19' 21'' W
85,SBTD,PR0008,LUIZ DALCANALE FILHO,TOLEDO,PR,24° 41' 7'' S,53° 41' 47'' W
86,SBTE,PI0001,SENADOR PETRÔNIO PORTELLA,TERESINA,PI,5° 3' 38'' S,42° 49' 28'' W
87,SBTF,AM0004,PREFEITO ORLANDO MARINHO,TEFÉ,AM,3° 22' 49'' S,64° 43' 31'' W
88,SBTG,MS0006,TRÊS LAGOAS,TRÊS LAGOAS,MS,20° 45' 5'' S,51° 40' 49'' W
89,SBTT,AM0005,TABATINGA,TABATINGA,AM,4° 15' 2'' S,69° 56' 16'' W
90,SBUF,BA0007,PAULO AFONSO,PAULO AFONSO,BA,9° 24' 4'' S,38° 15' 4'' W
91,SBUG,RS0012,RUBEM BERTA,URUGUAIANA,RS,29° 47' 0'' S,57° 2' 13'' W
92,SBUL,MG0002,TEN CEL AVIADOR CÉSAR BOMBONATO,UBERLÂNDIA,MG,18° 53' 1'' S,48° 13' 31'' W
93,SBUR,MG0009,MARIO DE ALMEIDA FRANCO,UBERABA,MG,19° 45' 53'' S,47° 57' 58'' W
94,SBVG,MG0019,MAJOR BRIGADEIRO TROMPOWSKY,VARGINHA,MG,21° 35' 20'' S,45° 28' 24'' W
95,SBVH,RO0003,VILHENA,VILHENA,RO,12° 41' 40'' S,60° 5' 54'' W
96,SBVT,ES0001,EURICO DE AGUIAR SALLES,VITÓRIA,ES,20° 15' 29'' S,40° 17' 11'' W
97,SBZM,MG0006,PRESIDENTE ITAMAR FRANCO,GOIANÁ,MG,21° 30' 47'' S,43° 10' 23'' W
99,SNBR,BA0011,DOM RICARDO WEBERBERGER,BARREIRAS,BA,12° 4' 45'' S,45° 0' 34'' W
100,SNMZ,PA0020,PORTO DE MOZ,PORTO DE MOZ,PA,1° 44' 29'' S,52° 14' 9'' W
101,SNTF,BA0016,TEIXEIRA DE FREITAS,TEIXEIRA DE FREITAS,BA,17° 31' 28'' S,39° 40' 6'' W
102,SNVB,BA0008,VALENÇA,VALENÇA,BA,13° 17' 47'' S,38° 59' 33'' W
103,SNVS,PA0015,BREVES,BREVES,PA,1° 38' 11'' S,50° 26' 36'' W
104,SNYA,PA0024,AERÓDROMO PÚBLICO DE ALMEIRIM,ALMEIRIM,PA,1° 28' 45'' S,52° 34' 41'' W
105,SSKW,RO0004,CACOAL,CACOAL,RO,11° 29' 44'' S,61° 27' 3'' W
108,SWFX,MT0022,SÃO FÉLIX DO ARAGUAIA,SÃO FÉLIX DO ARAGUAIA,MT,11° 37' 57'' S,50° 41' 22'' W
109,SWHP,MT0006,FREDERICO CARLOS MÜLLER,ÁGUA BOA,MT,14° 1' 11'' S,52° 9' 7'' W
110,SWJN,MT0007,JUÍNA,JUÍNA,MT,11° 25' 10'' S,58° 42' 36'' W
111,SWLC,GO0009,GENERAL LEITE DE CASTRO,RIO VERDE,GO,17° 50' 5'' S,50° 57' 22'' W
112,SWMW,AM0020,MAUÉS,MAUÉS,AM,3° 22' 19'' S,57° 43' 29'' W
113,SWPI,AM0006,PARINTINS,PARINTINS,AM,2° 40' 25'' S,56° 46' 39'' W
114,swsi,MT0002,PRESIDENTE JOÃO BATISTA FIGUEIREDO,SINOP,MT,11 53 6 S,55 35 10 W 
115,SWTS,MT0012,TANGARÁ DA SERRA,TANGARÁ DA SERRA,MT,14° 39' 43'' S,57° 26' 38'' W
116,SBCZ,AC0002,CRUZEIRO DO SUL,CRUZEIRO DO SUL,AC,7° 35' 58'' S,72° 46' 10'' W
117,SBRB,AC0001,PLÁCIDO DE CASTRO,RIO BRANCO,AC,9° 52' 6'' S,67° 53' 53'' W
118,SBSI,MT0002,PRESIDENTE JOÃO BATISTA FIGUEIREDO,SINOP,MT,11° 53' 6'' S,55° 35' 10'' W
119,SBVC,BA0005,GLAUBER DE ANDRADE ROCHA,VITÓRIA DA CONQUISTA,BA,14° 54' 28'' S,40° 54' 53'' W
120,SWGN,TO0002,ARAGUAÍNA,ARAGUAÍNA,TO,7° 13' 42'' S,48° 14' 27'' W
121,SBIH,PA0010,ITAITUBA,ITAITUBA,PA,4° 14' 32'' S,56° 0' 3'' W
122,SBUA,AM0003,SÃO GABRIEL DA CACHOEIRA,SÃO GABRIEL DA CACHOEIRA,AM,0° 8' 53'' S,66° 59' 9'' W
124,SWEI,AM0009,EIRUNEPÉ,EIRUNEPÉ,AM,6° 38' 22'' S,69° 52' 47'' W
125,SIZX,MT0018,JUARA SUL,JUARA,MT,11° 17' 48'' S,57° 32' 56'' W
127,SBAX,MG0008,ROMEU ZEMA,ARAXÁ,MG,19° 33' 47'' S,46° 57' 38'' W
128,SWCA,AM0007,CARAUARI,CARAUARI,AM,4° 52' 17'' S,66° 53' 51'' W
129,SWLB,AM0024,LÁBREA,LÁBREA,AM,7° 16' 44'' S,64° 46' 10'' W
130,SBAA,PA0008,CONCEIÇÃO DO ARAGUAIA,CONCEIÇÃO DO ARAGUAIA,PA,8° 20' 55'' S,49° 18' 11'' W
131,SBBG,RS0010,COMANDANTE GUSTAVO KRAEMER,BAGÉ,RS,31° 23' 27'' S,54° 6' 35'' W
132,SBBH,MG0003,PAMPULHA - CARLOS DRUMMOND DE ANDRADE,BELO HORIZONTE,MG,19° 51' 7'' S,43° 57' 2'' W
133,SBBI,PR0006,BACACHERI,CURITIBA,PR,25° 24' 12'' S,49° 14' 1'' W
134,SBBP,SP0036,ESTADUAL ARTHUR SIQUEIRA,BRAGANÇA PAULISTA,SP,22° 58' 44'' S,46° 32' 14'' W
135,SBBU,SP0017,BAURU,BAURU,SP,22° 20' 42'' S,49° 3' 14'' W
136,SBCD,SC0006,PREFEITO DR. CARLOS ALBERTO DA COSTA NEVES,CAÇADOR,SC,26° 47' 17'' S,50° 56' 24'' W
137,SBCI,MA0003,BRIGADEIRO LYSIAS AUGUSTO RODRIGUES,CAROLINA,MA,7° 19' 14'' S,47° 27' 31'' W
138,SBEK,PA0011,JACAREACANGA,JACAREACANGA,PA,6° 14' 7'' S,57° 46' 33'' W
139,SBFS,RJ0028,FAROL DE SÃO TOMÉ,CAMPOS DOS GOYTACAZES,RJ,22° 1' 50'' S,41° 4' 7'' W
140,SBGM,RO0006,GUAJARÁ-MIRIM,GUAJARÁ-MIRIM,RO,10° 47' 18'' S,65° 16' 54'' W
141,SBGW,SP0076,GUARATINGUETÁ,GUARATINGUETÁ,SP,22° 47' 30'' S,45° 12' 16'' W
142,SBIC,AM0012,ITACOATIARA,ITACOATIARA,AM,3° 7' 35'' S,58° 28' 54'' W
143,SBJD,SP0031,COMANDANTE ROLIM ADOLFO AMARO,JUNDIAÍ,SP,23° 10' 54'' S,46° 56' 37'' W
144,SBJF,MG0016,FRANCISCO DE ASSIS,JUIZ DE FORA,MG,21° 47' 35'' S,43° 23' 8'' W
145,SBJH,SP1176,SÃO PAULO CATARINA AEROPORTO EXECUTIVO,SÃO ROQUE,SP,23° 25' 37'' S,47° 9' 57'' W
146,SBJR,RJ0005,JACAREPAGUÁ - ROBERTO MARINHO,RIO DE JANEIRO,RJ,22° 59' 15'' S,43° 22' 12'' W
147,SBLP,BA0037,BOM JESUS DA LAPA,BOM JESUS DA LAPA,BA,13° 15' 41'' S,43° 24' 27'' W
148,SBMI,RJ0009,MARICÁ,MARICÁ,RJ,22° 55' 5'' S,42° 49' 44'' W
149,SBMT,SP0007,CAMPO DE MARTE,SÃO PAULO,SP,23° 30' 24'' S,46° 38' 2'' W
150,SBMY,AM0015,MANICORÉ,MANICORÉ,AM,5° 48' 40'' S,61° 16' 42'' W
151,SBNV,GO0002,AERÓDROMO NACIONAL DE AVIAÇÃO,GOIÂNIA,GO,16° 37' 32'' S,49° 20' 58'' W
152,SBOI,AP0002,OIAPOQUE,OIAPOQUE,AP,3° 51' 41'' N,51° 47' 46'' W
153,SBPC,MG0018,EMBAIXADOR WALTHER MOREIRA SALLES,POÇOS DE CALDAS,MG,21° 50' 33'' S,46° 34' 10'' W
154,SBPO,PR0018,AEROPORTO REGIONAL DE PATO BRANCO - PROFESSOR JUVENAL LOUREIRO CARDOSO,PATO BRANCO,PR,26° 13' 2'' S,52° 41' 40'' W
155,SBPP,MS0005,AEROPORTO INTERNACIONAL DE PONTA PORÃ,PONTA PORÃ,MS,22° 32' 59'' S,55° 42' 11'' W
156,SBTB,PA0012,TROMBETAS,ORIXIMINÁ,PA,1° 29' 23'' S,56° 23' 49'' W
157,SBTC,BA0067,UNA/COMANDATUBA,UNA,BA,15° 21' 12'' S,38° 59' 50'' W
158,SBTK,AC0004,TARAUACÁ,TARAUACÁ,AC,8° 9' 19'' S,70° 46' 59'' W
159,SBTU,PA0007,TUCURUÍ,TUCURUÍ,PA,3° 46' 37'' S,49° 43' 11'' W
160,SDAA,SP0045,ARARAS,ARARAS,SP,22° 20' 13'' S,47° 21' 30'' W
161,SDAD,SP0046,EVERALDO MORAES BARRETO,ADAMANTINA,SP,21° 41' 46'' S,51° 5' 47'' W
162,SDAE,SP0053,SÃO PEDRO,SÃO PEDRO,SP,22° 35' 1'' S,47° 53' 46'' W
163,SDAG,RJ0010,ANGRA DOS REIS,ANGRA DOS REIS,RJ,22° 58' 31'' S,44° 18' 26'' W
164,SDAI,SP0047,AMERICANA,AMERICANA,SP,22° 45' 19'' S,47° 16' 5'' W
165,SDAM,SP0037,ESTADUAL DE CAMPOS DOS AMARAIS - PREFEITO FRANCISCO AMARAL,CAMPINAS,SP,22° 51' 33'' S,47° 6' 29'' W
166,SDBA,SP0063,BATATAIS,BATATAIS,SP,20° 52' 37'' S,47° 35' 9'' W
167,SDBB,SP0018,BEBEDOURO,BEBEDOURO,SP,20° 54' 1'' S,48° 28' 25'' W
168,SDBK,SP0019,TANCREDO DE ALMEIDA NEVES,BOTUCATU,SP,22° 56' 16'' S,48° 28' 5'' W
169,SDBY,SP0032,BARIRI,BARIRI,SP,22° 4' 9'' S,48° 42' 23'' W
170,SDCA,SP0051,CAPÃO BONITO,CAPÃO BONITO,SP,24° 2' 1'' S,48° 21' 25'' W
171,SDCG,AM0016,SENADORA EUNICE MICHILES,SÃO PAULO DE OLIVENÇA,AM,3° 28' 9'' S,68° 55' 16'' W
172,SDCO,SP0027,SOROCABA,SOROCABA,SP,23° 28' 40'' S,47° 29' 24'' W
173,SDDN,SP0020,PAULINO RIBEIRO DE ANDRADE,ANDRADINA,SP,20° 55' 30'' S,51° 22' 55'' W
174,SDDR,SP0021,DRACENA,DRACENA,SP,21° 27' 38'' S,51° 36' 25'' W
175,SDEP,SP0052,GERALDO MOACIR BORDON,PRESIDENTE EPITÁCIO,SP,21° 46' 30'' S,52° 8' 37'' W
176,SDET,SP0067,TIETÊ,TIETÊ,SP,23° 6' 17'' S,47° 43' 28'' W
177,SDFD,SP0054,CORONEL AVIADOR CARLOS ORLEANS GUIMARÃES,FERNANDÓPOLIS,SP,20° 16' 36'' S,50° 12' 50'' W
178,SDFX,BA0054,CASA NOVA,CASA NOVA,BA,9° 9' 27'' S,40° 56' 15'' W
179,SDGC,SP0055,GARÇA,GARÇA,SP,22° 11' 1'' S,49° 39' 22'' W
180,SDH2,MT0662,PORTO ALEGRE DO NORTE,PORTO ALEGRE DO NORTE,MT,10° 55' 5'' S,51° 36' 32'' W
181,SDIG,SP0038,IBITINGA,IBITINGA,SP,21° 44' 50'' S,48° 51' 21'' W
182,SDIM,SP0033,DR. ANTONIO RIBEIRO NOGUEIRA JÚNIOR,ITANHAÉM,SP,24° 9' 53'' S,46° 47' 8'' W
183,SDIV,SP0056,ITUVERAVA,ITUVERAVA,SP,20° 22' 31'' S,47° 46' 7'' W
184,SDIY,BA0013,JOÃO DURVAL CARNEIRO,FEIRA DE SANTANA,BA,12° 12' 2'' S,38° 54' 23'' W
185,SDJC,SP0064,JABOTICABAL,JABOTICABAL,SP,21° 13' 51'' S,48° 17' 8'' W
186,SDJO,SP0057,SÃO JOAQUIM DA BARRA,SÃO JOAQUIM DA BARRA,SP,20° 35' 36'' S,47° 50' 32'' W
187,SDJV,SP0035,MUNICIPAL DE SÃO JOÃO DA BOA VISTA,SÃO JOÃO DA BOA VISTA,SP,22° 1' 0'' S,46° 50' 26'' W
188,SDK7,MS0563,NOVA ANDRADINA,NOVA ANDRADINA,MS,22° 9' 45'' S,53° 19' 49'' W
189,SDKJ,BA0025,FORMOSA DO RIO PRETO,FORMOSA DO RIO PRETO,BA,11° 1' 16'' S,45° 11' 14'' W
190,SDKK,SP0058,MOCOCA,MOCOCA,SP,21° 29' 14'' S,47° 2' 2'' W
191,SDLL,SP0048,YOLANDA PENTEADO,LEME,SP,22° 13' 33'' S,47° 22' 51'' W
192,SDLP,SP0034,MUNICIPAL JOSÉ BOSO,LENÇÓIS PAULISTA,SP,22° 34' 42'' S,48° 46' 28'' W
193,SDLY,SP0071,ARMANDO NATALI,MATÃO,SP,21° 37' 27'' S,48° 21' 3'' W
194,SDMH,SP0059,MIRASSOL,MIRASSOL,SP,20° 48' 26'' S,49° 29' 10'' W
195,SDMJ,SP0022,MOGI MIRIM,MOGI MIRIM,SP,22° 24' 39'' S,46° 54' 20'' W
196,SDMO,SP0068,MONTE ALTO,MONTE ALTO,SP,21° 15' 29'' S,48° 31' 27'' W
197,SDNH,SP0060,NOVO HORIZONTE,NOVO HORIZONTE,SP,21° 29' 52'' S,49° 14' 4'' W
198,SDNM,MT0047,BRIGADEIRO EDUARDO GOMES,NOVA MUTUM,MT,13° 49' 16'' S,56° 2' 19'' W
199,SDNO,SP0061,NELSON GARÓFALO,SÃO MANUEL,SP,22° 41' 46'' S,48° 34' 34'' W
200,SDOU,SP0023,JORNALISTA BENEDITO PIMENTEL,OURINHOS,SP,22° 58' 25'' S,49° 54' 41'' W
201,SDOV,GO0005,MOZARLÂNDIA,MOZARLÂNDIA,GO,14° 46' 8'' S,50° 33' 54'' W
202,SDOW,PA0021,OURILÂNDIA DO NORTE,OURILÂNDIA DO NORTE,PA,6° 45' 47'' S,51° 2' 60'' W
203,SDPD,SP0072,PINDAMONHANGABA,PINDAMONHANGABA,SP,22° 56' 38'' S,45° 25' 55'' W
204,SDPE,TO0003,PORTO NACIONAL,PORTO NACIONAL,TO,10° 43' 5'' S,48° 23' 56'' W
205,SDPN,SP0024,PENÁPOLIS,PENÁPOLIS,SP,21° 24' 36'' S,50° 2' 1'' W
206,SDPV,SP0040,PRESIDENTE VENCESLAU,PRESIDENTE VENCESLAU,SP,21° 53' 36'' S,51° 53' 4'' W
207,SDPW,SP0041,PEDRO MORGANTI,PIRACICABA,SP,22° 42' 43'' S,47° 37' 5'' W
208,SDPY,SP0066,PIRASSUNUNGA,PIRASSUNUNGA,SP,22° 1' 40'' S,47° 25' 18'' W
209,SDRK,SP0049,RIO CLARO,RIO CLARO,SP,22° 25' 54'' S,47° 33' 45'' W
210,SDRR,SP0028,AVARÉ-ARANDU,AVARÉ,SP,23° 5' 32'' S,48° 59' 14'' W
211,SDRS,RJ0007,RESENDE,RESENDE,RJ,22° 28' 43'' S,44° 28' 54'' W
212,SDSC,SP0029,MÁRIO PEREIRA LOPES,SÃO CARLOS,SP,21° 52' 35'' S,47° 54' 12'' W
213,SDTB,SP0069,ATIBAIA,ATIBAIA,SP,23° 7' 42'' S,46° 34' 29'' W
214,SDTF,SP0050,TATUÍ,TATUÍ,SP,23° 19' 55'' S,47° 52' 48'' W
215,SDTI,SP0073,TUPI PAULISTA,TUPI PAULISTA,SP,21° 23' 36'' S,51° 36' 3'' W
216,SDTK,RJ0011,PARATY,PARATY,RJ,23° 13' 26'' S,44° 43' 24'' W
217,SDTP,SP0025,JOSÉ VICENTE FARIA LIMA,TUPÃ,SP,21° 53' 24'' S,50° 30' 21'' W
218,SDUB,SP0065,ESTADUAL GASTÃO MADEIRA,UBATUBA,SP,23° 26' 29'' S,45° 4' 34'' W
219,SDUN,RJ0008,ITAPERUNA,ITAPERUNA,RJ,21° 13' 9'' S,41° 52' 33'' W
220,SDUQ,SP0042,PARAGUAÇU PAULISTA,PARAGUAÇU PAULISTA,SP,22° 25' 37'' S,50° 36' 25'' W
221,SDVE,SP0070,VERA CRUZ,VERA CRUZ,SP,22° 13' 49'' S,49° 49' 1'' W
222,SDVG,SP0026,DOMINGOS PIGNATARI,VOTUPORANGA,SP,20° 27' 26'' S,50° 0' 9'' W
223,SDWQ,PA0027,ALENQUER,ALENQUER,PA,1° 55' 1'' S,54° 43' 22'' W
224,SDXF,GO0020,ALTO PARAÍSO DE GOIÁS,ALTO PARAÍSO DE GOIÁS,GO,14° 7' 9'' S,47° 31' 49'' W
225,SDXJ,MS0017,COSTA RICA,COSTA RICA,MS,18° 29' 29'' S,53° 10' 6'' W
226,SDZG,CE0008,PEDRO TEIXEIRA CASTELO REGIONAL TAUÁ,TAUÁ,CE,5° 56' 0'' S,40° 17' 51'' W
227,SI68,MT0612,GELINDO STEFANUTO,CAMPO NOVO DO PARECIS,MT,13° 43' 53'' S,57° 53' 30'' W
228,SIBU,PB0012,JERÔNIMO SÉRGIO ROSADO MAIA,CATOLÉ DO ROCHA,PB,6° 21' 45'' S,37° 45' 19'' W
229,SIBW,PB0008,CONCEIÇÃO,CONCEIÇÃO,PB,7° 33' 45'' S,38° 29' 51'' W
230,SIBY,PB0009,LOURIVAL NUNES DE FARIAS,MONTEIRO,PB,7° 52' 42'' S,37° 8' 12'' W
231,SIBZ,PB0010,ITAPORANGA,ITAPORANGA,PB,7° 18' 40'' S,38° 6' 49'' W
232,SICB,PB0007,PEDRO SIMÕES PIMENTA,CUITÉ,PB,6° 29' 15'' S,36° 8' 24'' W
233,SILC,MT0025,AEROPORTO MUNICIPAL BOM FUTURO ,LUCAS DO RIO VERDE,MT,13° 2' 16'' S,55° 57' 1'' W
234,SIMK,SP0011,TENENTE LUND PRESSOTO,FRANCA,SP,20° 35' 25'' S,47° 22' 57'' W
235,SJ4Y,GO0028,MORRINHOS,MORRINHOS,GO,17° 45' 42'' S,49° 7' 18'' W
236,SJAU,TO0007,ARAGUACEMA,ARAGUACEMA,TO,8° 50' 16'' S,49° 33' 28'' W
237,SJBY,MA0007,JOÃO SILVA,SANTA INÊS,MA,3° 39' 16'' S,45° 20' 43'' W
238,SJGU,TO0005,ARAGUATINS,ARAGUATINS,TO,5° 41' 9'' S,48° 6' 51'' W
239,SJOG,RO0008,ARIQUEMES,ARIQUEMES,RO,9° 52' 50'' S,63° 2' 50'' W
240,SJQN,GO0006,QUIRINÓPOLIS,QUIRINÓPOLIS,GO,18° 26' 46'' S,50° 24' 33'' W
241,SJRG,RS0013,REGIONAL DE RIO GRANDE,RIO GRANDE,RS,32° 5' 1'' S,52° 10' 4'' W
242,SJTS,PA0028,TERRA SANTA,TERRA SANTA,PA,2° 4' 22'' S,56° 29' 20'' W
243,SJVO,GO0030,ARAGARÇAS,ARAGARÇAS,GO,15° 53' 58'' S,52° 14' 27'' W
244,SJXI,MG0311,SANTA RITA DO SAPUCAÍ,SANTA RITA DO SAPUCAÍ,MG,22° 16' 22'' S,45° 38' 24'' W
245,SJZA,PB0004,PEDRO VIEIRA MOREIRA,CAJAZEIRAS,PB,6° 52' 58'' S,38° 36' 57'' W
246,SN3Y,BA0251,NOVO AEROPORTO DE BOM JESUS DA LAPA,BOM JESUS DA LAPA,BA,13° 16' 21'' S,43° 18' 53'' W
247,SN6L,CE0164,DR. LUCIANO DE ARRUDA COELHO,SOBRAL,CE,3° 36' 53'' S,40° 13' 56'' W
248,SNAB,PE0009,ARARIPINA,ARARIPINA,PE,7° 35' 11'' S,40° 32' 7'' W
249,SNAE,PE0007,ARCOVERDE,ARCOVERDE,PE,8° 24' 28'' S,37° 5' 18'' W
250,SNAG,MG0020,ARAGUARI,ARAGUARI,MG,18° 40' 5'' S,48° 11' 25'' W
251,SNAL,AL0003,ARAPIRACA,ARAPIRACA,AL,9° 46' 35'' S,36° 37' 50'' W
252,SNAP,MG0021,JANAÚBA,JANAÚBA,MG,15° 43' 55'' S,43° 19' 23'' W
253,SNAR,MG0033,CIRILO QUEIRÓZ,ALMENARA,MG,16° 9' 57'' S,40° 41' 3'' W
254,SNAS,MG0022,TRÊS MARIAS,TRÊS MARIAS,MG,18° 13' 30'' S,45° 11' 26'' W
255,SNAX,SP0016,MARCELO PIRES HALZHAUSEN,ASSIS,SP,22° 38' 19'' S,50° 27' 21'' W
256,SNBA,SP0013,CHAFEI AMSEI,BARRETOS,SP,20° 35' 8'' S,48° 35' 45'' W
257,SNBC,MA0006,BARRA DO CORDA,BARRA DO CORDA,MA,5° 30' 9'' S,45° 12' 58'' W
258,SNBG,ES0005,BAIXO GUANDU - AIMORÉS,BAIXO GUANDU,ES,19° 29' 56'' S,41° 2' 31'' W
259,SNBI,MA0005,BACABAL,BACABAL,MA,4° 13' 41'' S,44° 49' 11'' W
260,SNBM,MG0051,CRISTIANO FERREIRA VARELLA,MURIAÉ,MG,21° 7' 34'' S,42° 23' 40'' W
261,SNBS,MA0010,BALSAS,BALSAS,MA,7° 31' 31'' S,46° 3' 12'' W
262,SNBX,BA0028,BARRA,BARRA,BA,11° 4' 52'' S,43° 8' 51'' W
263,SNBZ,BA0042,PARAMIRIM,PARAMIRIM,BA,13° 29' 26'' S,42° 13' 45'' W
264,SNCA,MG0031,CAMPO BELO,CAMPO BELO,MG,20° 53' 33'' S,45° 20' 8'' W
265,SNCP,SC0181,AEROPORTO REGIONAL DO PLANALTO SERRANO,LAGES,SC,27° 38' 3'' S,50° 21' 30'' W
266,SNCS,CE0009,CAMPOS SALES,CAMPOS SALES,CE,7° 3' 6'' S,40° 21' 30'' W
267,SNCT,MG0056,CARATINGA,UBAPORANGA,MG,19° 43' 31'' S,42° 6' 44'' W
268,SNCX,ES0004,COLATINA,COLATINA,ES,19° 29' 15'' S,40° 34' 46'' W
269,SNCZ,MG0059,PONTE NOVA,PONTE NOVA,MG,20° 24' 11'' S,42° 55' 0'' W
270,SNDC,PA0030,REDENÇÃO,REDENÇÃO,PA,8° 1' 52'' S,49° 58' 47'' W
271,SNDT,MG0030,JUSCELINO KUBITSCHEK,DIAMANTINA,MG,18° 13' 56'' S,43° 39' 1'' W
272,SNDV,MG0015,BRIGADEIRO ANTÔNIO CABRAL,DIVINÓPOLIS,MG,20° 10' 55'' S,44° 52' 12'' W
273,SNEB,PA0018,NAGIB DEMACHKI,PARAGOMINAS,PA,3° 1' 11'' S,47° 18' 59'' W
274,SNED,BA0023,SÓCRATES REZENDE,CANAVIEIRAS,BA,15° 39' 59'' S,38° 57' 19'' W
275,SNEE,RS0004,VACARIA NOVO,VACARIA,RS,28° 25' 55'' S,51° 1' 22'' W
276,SNFE,MG0012,COMANDANTE PASCHOAL PATROCÍNIO FILHO,ALFENAS,MG,21° 25' 53'' S,45° 55' 56'' W
277,SNFO,MG0060,FORMIGA,FORMIGA,MG,20° 23' 41'' S,45° 28' 59'' W
278,SNFU,MG0063,FRUTAL,FRUTAL,MG,20° 0' 17'' S,48° 57' 32'' W
279,SNFX,PA0013,SÃO FÉLIX DO XINGU,SÃO FÉLIX DO XINGU,PA,6° 38' 29'' S,51° 57' 8'' W
280,SNGA,ES0007,GUARAPARI,GUARAPARI,ES,20° 38' 47'' S,40° 29' 30'' W
281,SNGB,PI0011,GILBUÉS,GILBUÉS,PI,9° 50' 1'' S,45° 22' 2'' W
282,SNGD,PI0005,GUADALUPE,GUADALUPE,PI,6° 46' 59'' S,43° 34' 51'' W
283,SNGG,PI0007,BOM JESUS DO GURGUÉIA,BOM JESUS,PI,9° 3' 34'' S,44° 22' 9'' W
284,SNGI,BA0009,AERÓDROMO DE GUANAMBI,GUANAMBI,BA,14° 12' 29'' S,42° 44' 46'' W
285,SNGN,PE0006,GARANHUNS,GARANHUNS,PE,8° 50' 4'' S,36° 28' 17'' W
286,SNGX,MG0023,GUAXUPÉ,GUAXUPÉ,MG,21° 19' 36'' S,46° 43' 49'' W
287,SNHS,PE0005,SANTA MAGALHÃES,SERRA TALHADA,PE,8° 3' 41'' S,38° 19' 43'' W
288,SNIB,BA0045,ITABERABA,ITABERABA,BA,12° 29' 59'' S,40° 16' 13'' W
289,SNIC,BA0019,IRECÊ,IRECÊ,BA,11° 20' 24'' S,41° 50' 49'' W
290,SNIE,BA0020,CAETITÉ,CAETITÉ,BA,14° 0' 44'' S,42° 29' 38'' W
291,SNIG,CE0007,IGUATU,IGUATU,CE,6° 20' 48'' S,39° 17' 40'' W
292,SNIO,BA0010,CIPÓ,CIPÓ,BA,11° 7' 31'' S,38° 29' 13'' W
293,SNIP,BA0057,ITAPETINGA,ITAPETINGA,BA,15° 14' 40'' S,40° 16' 38'' W
294,SNIT,BA0046,IBOTIRAMA,IBOTIRAMA,BA,12° 10' 6'' S,43° 13' 21'' W
295,SNIU,BA0030,IPIAÚ,IPIAÚ,BA,14° 10' 24'' S,39° 41' 3'' W
296,SNJB,BA0062,JACOBINA,JACOBINA,BA,11° 9' 47'' S,40° 33' 12'' W
297,SNJK,BA0047,JEQUIÉ,JEQUIÉ,BA,13° 52' 40'' S,40° 4' 17'' W
298,SNJM,MG0050,ELIAS BREDER,MANHUAÇU,MG,20° 15' 35'' S,42° 11' 2'' W
299,SNJP,MG0036,JOÃO PINHEIRO,JOÃO PINHEIRO,MG,17° 47' 15'' S,46° 7' 13'' W
300,SNJQ,MG0053,JEQUITINHONHA,JEQUITINHONHA,MG,16° 26' 29'' S,41° 2' 14'' W
301,SNJR,MG0034,PREFEITO OCTÁVIO DE ALMEIDA NEVES,SÃO JOÃO DEL REI,MG,21° 5' 8'' S,44° 13' 31'' W
302,SNKD,MG0070,CONCEIÇÃO DO MATO DENTRO,CONCEIÇÃO DO MATO DENTRO,MG,19° 1' 7'' S,43° 26' 7'' W
303,SNKF,MG0071,DAS BANDEIRINHAS,CONSELHEIRO LAFAIETE,MG,20° 44' 19'' S,43° 47' 51'' W
304,SNKI,ES0006,AERÓDROMO DE CACHOEIRO DE ITAPEMIRIM,CACHOEIRO DE ITAPEMIRIM,ES,20° 50' 7'' S,41° 11' 11'' W
305,SNKN,RN0004,CURRAIS NOVOS,CURRAIS NOVOS,RN,6° 16' 51'' S,36° 32' 25'' W
306,SNKR,PI0012,CORRENTE,CORRENTE,PI,10° 27' 7'' S,45° 8' 11'' W
307,SNLI,MG0040,ABAETÉ,ABAETÉ,MG,19° 9' 21'' S,45° 29' 42'' W
308,SNLN,ES0002,MUNICIPAL DE LINHARES,LINHARES,ES,19° 21' 19'' S,40° 4' 17'' W
309,SNLO,MG0037,SÃO LOURENÇO,SÃO LOURENÇO,MG,22° 5' 27'' S,45° 2' 40'' W
310,SNLT,PI0010,PAULISTANA,PAULISTANA,PI,8° 9' 59'' S,41° 9' 14'' W
311,SNMA,PA0019,MONTE ALEGRE,MONTE ALEGRE,PA,1° 59' 48'' S,54° 4' 17'' W
312,SNMH,GO0018,PIRENÓPOLIS,PIRENÓPOLIS,GO,15° 50' 55'' S,48° 58' 58'' W
313,SNMJ,BA0031,MARACÁS,MARACÁS,BA,13° 23' 10'' S,40° 27' 58'' W
314,SNMK,MG0017,MOCAMBINHO,JAÍBA,MG,15° 5' 35'' S,43° 58' 45'' W
315,SNMN,MG0075,MINAS NOVAS,MINAS NOVAS,MG,17° 15' 50'' S,42° 32' 21'' W
316,SNMR,BA0065,MARAÚ,MARAÚ,BA,14° 8' 36'' S,39° 0' 24'' W
317,SNMX,ES0003,SÃO MATEUS,SÃO MATEUS,ES,18° 43' 17'' S,39° 50' 1'' W
318,SNNE,MG0078,SEBASTIÃO CARLOS LEITE,SÃO JOÃO NEPOMUCENO,MG,21° 32' 32'' S,43° 1' 16'' W
319,SNNU,MG0041,NANUQUE,NANUQUE,MG,17° 49' 23'' S,40° 19' 47'' W
320,SNOE,PI0008,OEIRAS,OEIRAS,PI,7° 1' 8'' S,42° 10' 2'' W
321,SNOF,MG0057,OURO FINO,OURO FINO,MG,22° 17' 50'' S,46° 23' 33'' W
322,SNOS,MG0024,MUNICIPAL JOSÉ FIGUEIREDO,PASSOS,MG,20° 43' 55'' S,46° 39' 43'' W
323,SNOX,PA0014,ORIXIMINÁ,ORIXIMINÁ,PA,1° 42' 49'' S,55° 50' 9'' W
324,SNPA,MG0052,PARÁ DE MINAS,PARÁ DE MINAS,MG,19° 50' 33'' S,44° 36' 3'' W
325,SNPC,PI0009,PICOS,PICOS,PI,7° 3' 41'' S,41° 31' 33'' W
326,SNPD,MG0010,PATOS DE MINAS,PATOS DE MINAS,MG,18° 40' 20'' S,46° 29' 29'' W
327,SNPJ,MG0042,PATROCÍNIO,PATROCÍNIO,MG,18° 54' 33'' S,46° 58' 58'' W
328,SNPQ,PE0010,PESQUEIRA,PESQUEIRA,PE,8° 22' 29'' S,36° 38' 16'' W
329,SNPU,MG0073,COMANDANTE VIRGILIO BORIM,PARAGUAÇU,MG,21° 33' 41'' S,45° 45' 17'' W
330,SNPX,MG0028,PIRAPORA,PIRAPORA,MG,17° 18' 50'' S,44° 51' 31'' W
331,SNPY,MG0013,SÃO SEBASTIÃO DO PARAÍSO,SÃO SEBASTIÃO DO PARAÍSO,MG,20° 56' 54'' S,46° 58' 59'' W
332,SNQD,PB0006,SOUSA,SOUSA,PB,6° 47' 8'' S,38° 14' 2'' W
333,SNQG,PI0003,CANGAPARA,FLORIANO,PI,6° 50' 46'' S,43° 4' 41'' W
334,SNQU,BA0032,MUCUGÊ,MUCUGÊ,BA,13° 1' 54'' S,41° 26' 40'' W
335,SNQV,MG0044,CURVELO,CURVELO,MG,18° 44' 58'' S,44° 27' 29'' W
336,SNQX,CE0010,QUIXADÁ,QUIXADÁ,CE,4° 58' 44'' S,38° 59' 16'' W
337,SNRD,BA0048,PRADO,PRADO,BA,17° 17' 49'' S,39° 16' 19'' W
338,SNRM,BA0022,REMANSO,REMANSO,BA,9° 34' 48'' S,42° 6' 57'' W
339,SNRP,MG0066,RIO PARANAÍBA,RIO PARANAÍBA,MG,19° 12' 45'' S,46° 14' 26'' W
340,SNRU,PE0004,CARUARU,CARUARU,PE,8° 17' 4'' S,36° 0' 39'' W
341,SNRX,MA0009,RIACHÃO,RIACHÃO,MA,7° 20' 47'' S,46° 37' 39'' W
342,SNRZ,MG0049,OLIVEIRA,OLIVEIRA,MG,20° 42' 52'' S,44° 51' 55'' W
343,SNSE,BA0056,SENTO SÉ,SENTO SÉ,BA,9° 45' 27'' S,41° 51' 18'' W
344,SNSG,PE0008,SALGUEIRO,SALGUEIRO,PE,8° 2' 48'' S,39° 8' 2'' W
345,SNSI,MG0076,SANTA MARIA DO SUAÇUÍ,SANTA MARIA DO SUAÇUÍ,MG,18° 11' 55'' S,42° 27' 58'' W
346,SNSM,PA0029,SALINÓPOLIS,SALINÓPOLIS,PA,0° 41' 47'' S,47° 20' 12'' W
347,SNSS,MG0029,SALINAS,SALINAS,MG,16° 12' 30'' S,42° 19' 19'' W
348,SNTI,PA0016,ÓBIDOS,ÓBIDOS,PA,1° 52' 5'' S,55° 30' 52'' W
349,SNTO,MG0048,JUSCELINO KUBITSCHECK,TEÓFILO OTONI,MG,17° 53' 27'' S,41° 30' 54'' W
350,SNTQ,BA0053,BURITIRAMA,BURITIRAMA,BA,10° 43' 18'' S,43° 39' 13'' W
351,SNTS,PB0005,BRIGADEIRO FIRMINO AYRES,PATOS,PB,7° 2' 16'' S,37° 15' 27'' W
352,SNUB,MG0058,UBÁ,UBÁ,MG,21° 7' 12'' S,42° 53' 1'' W
353,SNUH,MG0054,PIUMHI,PIUMHI,MG,20° 26' 20'' S,45° 59' 32'' W
354,SNUI,MG0045,ARAÇUAÍ,ARAÇUAÍ,MG,16° 51' 7'' S,42° 2' 46'' W
355,SNUN,MG0055,UNAÍ,UNAÍ,MG,16° 21' 14'' S,46° 55' 37'' W
356,SNVC,MG0074,VIÇOSA,VIÇOSA,MG,20° 44' 42'' S,42° 50' 29'' W
357,SNVD,BA0050,SANTA MARIA DA VITÓRIA,SANTA MARIA DA VITÓRIA,BA,13° 24' 17'' S,44° 13' 23'' W
358,SNVI,MG0035,MELLO VIANA,TRÊS CORAÇÕES,MG,21° 47' 21'' S,45° 16' 5'' W
359,SNWC,CE0011,CAMOCIM,CAMOCIM,CE,2° 53' 45'' S,40° 51' 32'' W
360,SNWS,CE0005,CRATEÚS,CRATEÚS,CE,5° 12' 40'' S,40° 42' 15'' W
361,SNXB,MG0025,CAXAMBU,CAXAMBU,MG,21° 55' 3'' S,44° 58' 10'' W
362,SNXQ,BA0018,XIQUE-XIQUE,XIQUE-XIQUE,BA,10° 50' 3'' S,42° 41' 0'' W
363,SNYB,MG0047,TITO TEIXEIRA,ITUIUTABA,MG,19° 0' 5'' S,49° 29' 14'' W
364,SNYE,MA0004,PINHEIRO,PINHEIRO,MA,2° 28' 39'' S,45° 6' 18'' W
365,SNYU,MG0014,ITURAMA,ITURAMA,MG,19° 43' 2'' S,50° 13' 13'' W
366,SNZA,MG0038,POUSO ALEGRE,POUSO ALEGRE,MG,22° 17' 20'' S,45° 55' 10'' W
367,SNZR,MG0026,PEDRO RABELO DE SOUZA,PARACATU,MG,17° 14' 34'' S,46° 52' 59'' W
368,SSAB,PR0024,MOISÉS LUPION,IBAITI,PR,23° 45' 46'' S,50° 15' 47'' W
369,SSAE,RS0040,ARROIO GRANDE,ARROIO GRANDE,RS,32° 13' 45'' S,53° 3' 21'' W
370,SSAK,RS0048,CARLOS RUHL,CRUZ ALTA,RS,28° 39' 31'' S,53° 36' 41'' W
371,SSAN,PR0032,JOÃO GALDINO,ANDIRÁ,PR,23° 1' 38'' S,50° 13' 37'' W
372,SSAP,PR0014,CAPITÃO JOÃO BUSSE,APUCARANA,PR,23° 36' 44'' S,51° 23' 6'' W
373,SSAQ,RS0036,AEROCLUBE DE PASSO FUNDO,PASSO FUNDO,RS,28° 15' 2'' S,52° 31' 0'' W
374,SSBL,SC0019,BLUMENAU,BLUMENAU,SC,26° 49' 54'' S,49° 5' 37'' W
375,SSBN,RS0002,BELÉM NOVO,PORTO ALEGRE,RS,30° 11' 21'' S,51° 10' 57'' W
376,SSBV,MS0011,BELA VISTA,BELA VISTA,MS,22° 4' 56'' S,56° 32' 18'' W
377,SSCB,SP0044,MUNICIPAL DE CASA BRANCA,CASA BRANCA,SP,21° 47' 17'' S,47° 3' 20'' W
378,SSCD,MS0007,CHAPADÃO DO SUL,CHAPADÃO DO SUL,MS,18° 50' 21'' S,52° 29' 17'' W
379,SSCI,MS0012,COXIM,COXIM,MS,18° 28' 53'' S,54° 42' 57'' W
380,SSCK,SC0010,OLAVO CECCO RIGON,CONCÓRDIA,SC,27° 10' 50'' S,52° 3' 4'' W
381,SSCL,MS0018,CASSILÂNDIA,CASSILÂNDIA,MS,19° 8' 49'' S,51° 40' 35'' W
382,SSCN,RS0019,CANELA,CANELA,RS,29° 22' 14'' S,50° 49' 56'' W
383,SSCP,PR0015,FRANCISCO LACERDA JÚNIOR,CORNÉLIO PROCÓPIO,PR,23° 9' 9'' S,50° 36' 9'' W
384,SSCR,PR0016,RUBEN BERTA,MARECHAL CÂNDIDO RONDON,PR,24° 30' 46'' S,54° 3' 17'' W
385,SSCT,PR0025,ENGENHEIRO GASTÃO DE MESQUITA FILHO,CIANORTE,PR,23° 41' 30'' S,52° 38' 32'' W
386,SSEE,RS0054,REGIONAL DO VALE DO TAQUARI,ESTRELA,RS,29° 27' 12'' S,51° 56' 3'' W
387,SSEP,RS0031,SÃO SEPÉ,SÃO SEPÉ,RS,30° 10' 56'' S,53° 34' 46'' W
388,SSER,RS0018,ERECHIM,ERECHIM,RS,27° 39' 48'' S,52° 16' 19'' W
389,SSEZ,RS0050,ESPUMOSO,ESPUMOSO,RS,28° 44' 17'' S,52° 51' 20'' W
390,SSFB,PR0021,PAULO ABDALA,FRANCISCO BELTRÃO,PR,26° 3' 32'' S,53° 3' 48'' W
391,SSFL,PI0006,JOÃO PEREIRA DOS SANTOS FILHO,FRONTEIRAS,PI,7° 6' 0'' S,40° 37' 42'' W
392,SSGA,RS0020,GARIBALDI,GARIBALDI,RS,29° 16' 6'' S,51° 31' 56'' W
393,SSGB,PR0035,MUNICIPAL DE GUARATUBA,GUARATUBA,PR,25° 52' 50'' S,48° 36' 44'' W
394,SSGG,PR0009,AEROPORTO REGIONAL DE GUARAPUAVA - TANCREDO THOMÁS DE FARIA,GUARAPUAVA,PR,25° 23' 18'' S,51° 31' 25'' W
395,SSGW,PR0037,MANOEL RIBAS,GOIOERÊ,PR,24° 13' 11'' S,53° 2' 38'' W
396,SSGY,PR0023,GUAÍRA,GUAÍRA,PR,24° 4' 47'' S,54° 11' 17'' W
397,SSHZ,RS0037,WALTER BÜNDCHEN,HORIZONTINA,RS,27° 38' 18'' S,54° 20' 20'' W
398,SSIE,MS0002,TERUEL IPANEMA ESTÂNCIA,CAMPO GRANDE,MS,20° 36' 14'' S,54° 35' 43'' W
399,SSIJ,RS0032,IJUÍ,IJUÍ,RS,28° 22' 7'' S,53° 50' 47'' W
400,SSIM,SC0009,FORQUILHINHA-CRICIÚMA,FORQUILHINHA,SC,28° 43' 33'' S,49° 25' 29'' W
401,SSIQ,RS0045,ITAQUI,ITAQUI,RS,29° 10' 19'' S,56° 32' 18'' W
402,SSIR,RS0049,IBIRUBÁ,IBIRUBÁ,RS,28° 36' 15'' S,53° 4' 43'' W
403,SSJA,SC0014,SANTA TEREZINHA,JOAÇABA,SC,27° 10' 22'' S,51° 33' 6'' W
404,SSJI,MS0019,JARDIM,JARDIM,MS,21° 29' 34'' S,56° 9' 9'' W
405,SSJK,RS0028,JÚLIO DE CASTILHOS,JÚLIO DE CASTILHOS,RS,29° 9' 11'' S,53° 44' 36'' W
406,SSKG,MS0003,ESTÂNCIA SANTA MARIA,CAMPO GRANDE,MS,20° 30' 20'' S,54° 31' 29'' W
407,SSKK,RS0052,CAPÃO DA CANOA,CAPÃO DA CANOA,RS,29° 45' 49'' S,50° 2' 13'' W
408,SSKM,PR0017,CAMPO MOURÃO,CAMPO MOURÃO,PR,24° 0' 9'' S,52° 21' 25'' W
409,SSKS,RS0039,BRIGADEIRO NERO MOURA,CACHOEIRA DO SUL,RS,30° 0' 8'' S,52° 56' 25'' W
410,SSKU,SC0016,LAURO ANTÔNIO DA COSTA,CURITIBANOS,SC,27° 17' 14'' S,50° 36' 14'' W
411,SSKZ,RS0009,CARAZINHO,CARAZINHO,RS,28° 19' 18'' S,52° 49' 0'' W
412,SSLG,RS0021,SÃO LUIZ GONZAGA,SÃO LUIZ GONZAGA,RS,28° 22' 35'' S,55° 2' 15'' W
413,SSLN,SC0018,HELMUTH BAUNGARTEM,LONTRAS,SC,27° 9' 35'' S,49° 32' 34'' W
414,SSLO,PR0031,ATTILLIO ACCORSI,LOANDA,PR,22° 55' 4'' S,53° 8' 59'' W
415,SSLT,RS0022,GAUDÊNCIO MACHADO RAMOS,ALEGRETE,RS,29° 48' 45'' S,55° 53' 36'' W
416,SSMJ,MS0020,MARACAJU,MARACAJU,MS,21° 38' 2'' S,55° 8' 42'' W
417,SSMR,PR0026,MANOEL RIBAS,MANOEL RIBAS,PR,24° 31' 46'' S,51° 39' 6'' W
418,SSMT,RS0044,MOSTARDAS,MOSTARDAS,RS,31° 6' 4'' S,50° 54' 29'' W
419,SSNB,MS0015,ARIOSTO DA RIVA,NAVIRAÍ,MS,23° 2' 3'' S,54° 10' 40'' W
420,SSNG,RS0046,HELIO ALVES DE OLIVEIRA,MONTENEGRO,RS,29° 43' 11'' S,51° 29' 20'' W
421,SSNH,RS0023,NOVO HAMBURGO,NOVO HAMBURGO,RS,29° 41' 57'' S,51° 4' 55'' W
422,SSNP,RS0041,ILMO ALOÍSIO BLUME,NOVA PRATA,RS,28° 48' 14'' S,51° 36' 8'' W
423,SSNQ,MS0016,NIOAQUE,NIOAQUE,MS,21° 11' 4'' S,55° 49' 52'' W
424,SSOE,SC0015,HÉLIO WASUM,SÃO MIGUEL DO OESTE,SC,26° 46' 52'' S,53° 30' 12'' W
425,SSOG,PR0027,ARAPONGAS,ARAPONGAS,PR,23° 21' 10'' S,51° 29' 30'' W
426,SSOI,SP0043,PEDERNEIRAS,PEDERNEIRAS,SP,22° 18' 26'' S,48° 46' 23'' W
427,SSOL,MG0027,PADRE ISRAEL (ISRAEL BATISTA DE CARVALHO),LAVRAS,MG,21° 14' 26'' S,44° 57' 51'' W
428,SSOS,RS0042,OSÓRIO,OSÓRIO,RS,29° 54' 8'' S,50° 14' 57'' W
429,SSPG,PR0011,SANTOS DUMONT,PARANAGUÁ,PR,25° 32' 25'' S,48° 31' 52'' W
430,SSPI,PR0010,EDU CHAVES,PARANAVAÍ,PR,23° 5' 24'' S,52° 29' 19'' W
431,SSPL,RS0043,PALMEIRA DAS MISSÕES,PALMEIRA DAS MISSÕES,RS,27° 54' 6'' S,53° 19' 48'' W
432,SSPM,MS0013,PORTO MURTINHO,PORTO MURTINHO,MS,21° 42' 46'' S,57° 52' 45'' W
433,SSPN,MS0010,PARANAÍBA,PARANAÍBA,MS,19° 39' 4'' S,51° 11' 58'' W
434,SSPS,PR0036,DIMORVAN CARRARO,PALMAS,PR,26° 28' 20'' S,51° 58' 32'' W
435,SSPT,PR0028,BRASÍLIO MARQUES,PALOTINA,PR,24° 20' 36'' S,53° 49' 43'' W
436,SSQC,PR0029,AGUINALDO PEREIRA LIMA,SIQUEIRA CAMPOS,PR,23° 40' 29'' S,49° 48' 56'' W
437,SSQP,BA0061,MONTE SANTO,MONTE SANTO,BA,10° 27' 55'' S,39° 17' 10'' W
438,SSQT,PR0013,MAJOR NEODO S. PEREIRA,CASTRO,PR,24° 48' 27'' S,49° 57' 34'' W
439,SSRE,PR0030,REALEZA,REALEZA,PR,25° 48' 4'' S,53° 30' 47'' W
440,SSRF,BA0034,CASTRO ALVES,CASTRO ALVES,BA,12° 46' 4'' S,39° 26' 41'' W
441,SSRG,SP0030,AEROPORTO ESTADUAL DE REGISTRO,REGISTRO,SP,24° 31' 54'' S,47° 50' 25'' W
442,SSRS,MA0008,BARREIRINHAS,BARREIRINHAS,MA,2° 45' 24'' S,42° 48' 12'' W
443,SSRU,RS0034,SÃO LOURENÇO DO SUL,SÃO LOURENÇO DO SUL,RS,31° 23' 5'' S,52° 1' 57'' W
444,SSRZ,RS0024,DÁRIO BRASIL CAPOANO DE OLIVEIRA,ROSÁRIO DO SUL,RS,30° 16' 39'' S,54° 55' 31'' W
445,SSSB,RS0014,SÃO BORJA,SÃO BORJA,RS,28° 39' 17'' S,56° 2' 5'' W
446,SSSC,RS0029,SANTA CRUZ DO SUL,SANTA CRUZ DO SUL,RS,29° 41' 3'' S,52° 24' 44'' W
447,SSSD,RS0017,SOLEDADE,SOLEDADE,RS,28° 51' 48'' S,52° 32' 26'' W
448,SSSG,RS0035,SÃO GABRIEL,SÃO GABRIEL,RS,30° 20' 42'' S,54° 16' 4'' W
449,SSSS,SC0022,SÃO FRANCISCO DO SUL,SÃO FRANCISCO DO SUL,SC,26° 13' 16'' S,48° 33' 52'' W
450,SSST,RS0015,SANTIAGO,SANTIAGO,RS,29° 12' 54'' S,54° 50' 30'' W
451,SSSZ,PR0033,SERTANÓPOLIS,SERTANÓPOLIS,PR,23° 3' 43'' S,51° 0' 50'' W
452,SSTB,SC0013,TRÊS BARRAS,TRÊS BARRAS,SC,26° 7' 58'' S,50° 18' 35'' W
453,SSTE,RS0011,TORRES,TORRES,RS,29° 24' 54'' S,49° 48' 36'' W
454,SSUM,PR0019,ORLANDO DE CARVALHO,UMUARAMA,PR,23° 47' 57'' S,53° 18' 50'' W
455,SSUV,PR0034,JOSÉ CLETO,UNIÃO DA VITÓRIA,PR,26° 13' 55'' S,51° 4' 3'' W
456,SSVI,SC0011,ÂNGELO PONZONI,VIDEIRA,SC,26° 59' 59'' S,51° 8' 29'' W
457,SSVL,PR0007,TELÊMACO BORBA (SBTL*),TELÊMACO BORBA,PR,24° 18' 59'' S,50° 39' 8'' W
458,SSVN,RS0030,VERANÓPOLIS,VERANÓPOLIS,RS,28° 56' 8'' S,51° 34' 4'' W
459,SSWS,RS0025,CAÇAPAVA DO SUL,CAÇAPAVA DO SUL,RS,30° 32' 59'' S,53° 27' 29'' W
460,SSXX,SC0017,MUNICIPAL JOÃO WINCKLER,XANXERÊ,SC,26° 52' 30'' S,52° 22' 22'' W
461,SSZR,RS0027,LUIS ALBERTO LEHR,SANTA ROSA,RS,27° 54' 32'' S,54° 31' 20'' W
462,SWBC,AM0017,BARCELOS,BARCELOS,AM,0° 58' 52'' S,62° 55' 10'' W
463,SWBE,CE0006,WALFRIDO SALMITO DE ALMEIDA,SÃO BENEDITO,CE,4° 2' 34'' S,40° 53' 38'' W
464,SWBG,MT0009,ANDRÉ ANTÔNIO MAGGI,PONTES E LACERDA,MT,15° 11' 36'' S,59° 23' 7'' W
465,SWBR,AM0018,BORBA,BORBA,AM,4° 24' 22'' S,59° 36' 9'' W
466,SWCB,GO0023,CAMPOS BELOS,CAMPOS BELOS,GO,13° 0' 25'' S,46° 42' 39'' W
467,SWCQ,RO0007,COSTA MARQUES,COSTA MARQUES,RO,12° 25' 14'' S,64° 15' 6'' W
468,SWCZ,GO0024,CERES,CERES,GO,15° 20' 38'' S,49° 36' 16'' W
469,SWDM,MT0015,DIAMANTINO,DIAMANTINO,MT,14° 22' 36'' S,56° 24' 2'' W
470,SWDN,TO0006,DIANÓPOLIS,DIANÓPOLIS,TO,11° 35' 43'' S,46° 50' 52'' W
471,SWEK,MT0024,CANARANA,CANARANA,MT,13° 34' 39'' S,52° 16' 5'' W
472,SWFN,AM0002,FLORES,MANAUS,AM,3° 4' 22'' S,60° 1' 16'' W
473,SWFR,GO0014,FORMOSA,FORMOSA,GO,15° 33' 22'' S,47° 20' 41'' W
474,SWGI,TO0004,GURUPI,GURUPI,TO,11° 44' 22'' S,49° 8' 0'' W
475,SWHT,AM0019,HUMAITÁ,HUMAITÁ,AM,7° 32' 5'' S,63° 4' 20'' W
476,SWII,AM0013,IPIRANGA,SANTO ANTÔNIO DO IÇÁ,AM,2° 56' 25'' S,69° 41' 39'' W
477,SWIQ,GO0019,AEROPORTO MUNICIPAL JOSÉ CAIRES DE OLIVEIRA,MINAÇU,GO,13° 32' 57'' S,48° 11' 44'' W
478,SWJW,GO0008,JATAÍ,JATAÍ,GO,17° 49' 48'' S,51° 46' 31'' W
479,SWKC,MT0017,CÁCERES,CÁCERES,MT,16° 2' 33'' S,57° 37' 48'' W
480,SWKO,AM0010,COARI,COARI,AM,4° 8' 3'' S,63° 7' 57'' W
481,SWKQ,PI0004,SERRA DA CAPIVARA/SÃO RAIMUNDO NONATO,SÃO RAIMUNDO NONATO,PI,9° 5' 0'' S,42° 38' 41'' W
482,SWKT,GO0015,CATALÃO,CATALÃO,GO,18° 13' 1'' S,47° 53' 58'' W
483,SWME,GO0033,MINEIROS,MINEIROS,GO,17° 33' 5'' S,52° 33' 24'' W
484,SWNH,GO0017,ARUANÃ,ARUANÃ,GO,14° 55' 59'' S,51° 2' 54'' W
485,SWNK,AM0011,NOVO CAMPO,BOCA DO ACRE,AM,8° 50' 5'' S,67° 18' 45'' W
486,SWNQ,GO0016,NIQUELÂNDIA,NIQUELÂNDIA,GO,14° 26' 11'' S,48° 29' 31'' W
487,SWNS,GO0004,ANÁPOLIS,ANÁPOLIS,GO,16° 21' 45'' S,48° 55' 41'' W
488,SWOB,AM0014,FONTE BOA,FONTE BOA,AM,2° 31' 57'' S,66° 4' 60'' W
489,SWPG,MT0010,PORTO DOS GAÚCHOS,PORTO DOS GAÚCHOS,MT,11° 32' 24'' S,57° 22' 41'' W
490,SWPK,MT0021,POCONÉ,POCONÉ,MT,16° 16' 18'' S,56° 39' 4'' W
491,SWPM,RO0009,PIMENTA BUENO,PIMENTA BUENO,RO,11° 38' 29'' S,61° 10' 44'' W
492,SWPR,GO0029,PIRES DO RIO,PIRES DO RIO,GO,17° 19' 8'' S,48° 20' 7'' W
493,SWPY,MT0023,PRIMAVERA DO LESTE,PRIMAVERA DO LESTE,MT,15° 33' 45'' S,54° 19' 50'' W
494,SWPZ,GO0010,OURIÇANGA DE ABREU,POSSE,GO,14° 7' 5'' S,46° 20' 43'' W
495,SWRO,RO0002,AEROCLUBE DE RONDÔNIA,PORTO VELHO,RO,8° 47' 39'' S,63° 51' 27'' W
496,SWTO,TO0008,PARAÍSO DO TOCANTINS,PARAÍSO DO TOCANTINS,TO,10° 10' 26'' S,48° 55' 58'' W
497,SWTP,AM0022,SANTA ISABEL DO RIO NEGRO,SANTA ISABEL DO RIO NEGRO,AM,0° 22' 43'' S,64° 59' 35'' W
498,SWTY,TO0009,TAGUATINGA,TAGUATINGA,TO,12° 26' 6'' S,46° 24' 1'' W
499,SWUA,GO0011,SÃO MIGUEL DO ARAGUAIA,SÃO MIGUEL DO ARAGUAIA,GO,13° 20' 2'' S,50° 12' 21'' W
500,SWUD,MG0069,DEPUTADO OSWALDO TOLENTINO,CLÁUDIO,MG,20° 26' 45'' S,44° 48' 47'' W
501,SWUZ,GO0025,BRIGADEIRO ARARIPE MACEDO,LUZIÂNIA,GO,16° 15' 42'' S,47° 58' 7'' W
502,SWVC,MT0016,VILA RICA,VILA RICA,MT,9° 58' 52'' S,51° 8' 26'' W
503,SWWA,GO0012,PORANGATU,PORANGATU,GO,13° 24' 16'' S,49° 9' 26'' W
504,SWWU,GO0013,URUAÇU,URUAÇU,GO,14° 32' 41'' S,49° 5' 28'' W
505,SWXM,MT0014,REGIONAL ORLANDO VILLAS BOAS,MATUPÁ,MT,10° 10' 12'' S,54° 57' 14'' W
506,SWXQ,SP0015,LINS,LINS,SP,21° 39' 46'' S,49° 43' 52'' W
507,SWXV,MT0013,XAVANTINA,NOVA XAVANTINA,MT,14° 41' 27'' S,52° 20' 57'' W
508,SWYN,AM0023,APUÍ,APUÍ,AM,7° 10' 20'' S,59° 50' 20'' W
114,swsi,MT0002 ,PRESIDENTE JOÃO BATISTA FIGUEIREDO,SINOP,MT,11 53 6 S,55 35 10 W 
