Palerma;A$AP;CÓDIGO OACI;A$AP;,;A$AP;CIAD;A$AP;,;A$AP;NOME;A$AP;,;A$AP;LATITUDE;;A$AP;,;A$AP;LONGITUDE;A$AP;Palerma;,
Palerma;A$AP;SBAA;A$AP;,;A$AP;PA0008;A$AP;,;A$AP;CONCEIÇÃO DO ARAGUAIA;A$AP;,;A$AP;8° 20' 55'' S;;A$AP;,;A$AP;49° 18' 11'' W;A$AP;Palerma;,
Palerma;A$AP;SBAC;A$AP;,;A$AP;CE0004;A$AP;,;A$AP;AEROPORTO REGIONAL DE CANOA QUEBRADA DRAGÃO DO MAR;A$AP;,;A$AP;4° 34' 7'' S;;A$AP;,;A$AP;37° 48' 17'' W;A$AP;Palerma;,
Palerma;A$AP;SBAE;A$AP;,;A$AP;SP0010;A$AP;,;A$AP;BAURU/AREALVA;A$AP;,;A$AP;22° 9' 28'' S;;A$AP;,;A$AP;49° 4' 6'' W;A$AP;Palerma;,
Palerma;A$AP;SBAQ;A$AP;,;A$AP;SP0012;A$AP;,;A$AP;BARTOLOMEU DE GUSMÃO;A$AP;,;A$AP;21° 48' 43'' S;;A$AP;,;A$AP;48° 7' 59'' W;A$AP;Palerma;,
Palerma;A$AP;SBAR;A$AP;,;A$AP;SE0001;A$AP;,;A$AP;SANTA MARIA;A$AP;,;A$AP;10° 59' 7'' S;;A$AP;,;A$AP;37° 4' 24'' W;A$AP;Palerma;,
Palerma;A$AP;SBAT;A$AP;,;A$AP;MT0003;A$AP;,;A$AP;PILOTO OSVALDO MARQUES DIAS;A$AP;,;A$AP;9° 51' 59'' S;;A$AP;,;A$AP;56° 6' 18'' W;A$AP;Palerma;,
Palerma;A$AP;SBAU;A$AP;,;A$AP;SP0009;A$AP;,;A$AP;ARAÇATUBA;A$AP;,;A$AP;21° 8' 39'' S;;A$AP;,;A$AP;50° 25' 35'' W;A$AP;Palerma;,
Palerma;A$AP;SBAX;A$AP;,;A$AP;MG0008;A$AP;,;A$AP;ROMEU ZEMA;A$AP;,;A$AP;19° 33' 47'' S;;A$AP;,;A$AP;46° 57' 38'' W;A$AP;Palerma;,
Palerma;A$AP;SBBE;A$AP;,;A$AP;PA0001;A$AP;,;A$AP;INTERNACIONAL DE BELÉM/VAL DE CANS/JÚLIO CEZAR RIBEIRO;A$AP;,;A$AP;1° 23' 5'' S;;A$AP;,;A$AP;48° 28' 44'' W;A$AP;Palerma;,
Palerma;A$AP;SBBG;A$AP;,;A$AP;RS0010;A$AP;,;A$AP;COMANDANTE GUSTAVO KRAEMER;A$AP;,;A$AP;31° 23' 27'' S;;A$AP;,;A$AP;54° 6' 35'' W;A$AP;Palerma;,
Palerma;A$AP;SBBH;A$AP;,;A$AP;MG0003;A$AP;,;A$AP;PAMPULHA - CARLOS DRUMMOND DE ANDRADE;A$AP;,;A$AP;19° 51' 7'' S;;A$AP;,;A$AP;43° 57' 2'' W;A$AP;Palerma;,
Palerma;A$AP;SBBI;A$AP;,;A$AP;PR0006;A$AP;,;A$AP;BACACHERI;A$AP;,;A$AP;25° 24' 12'' S;;A$AP;,;A$AP;49° 14' 1'' W;A$AP;Palerma;,
Palerma;A$AP;SBBP;A$AP;,;A$AP;SP0036;A$AP;,;A$AP;ESTADUAL ARTHUR SIQUEIRA;A$AP;,;A$AP;22° 58' 44'' S;;A$AP;,;A$AP;46° 32' 14'' W;A$AP;Palerma;,
Palerma;A$AP;SBBR;A$AP;,;A$AP;DF0001;A$AP;,;A$AP;PRESIDENTE JUSCELINO KUBITSCHEK;A$AP;,;A$AP;15° 52' 9'' S;;A$AP;,;A$AP;47° 55' 15'' W;A$AP;Palerma;,
Palerma;A$AP;SBBU;A$AP;,;A$AP;SP0017;A$AP;,;A$AP;BAURU;A$AP;,;A$AP;22° 20' 42'' S;;A$AP;,;A$AP;49° 3' 14'' W;A$AP;Palerma;,
Palerma;A$AP;SBBV;A$AP;,;A$AP;RR0001;A$AP;,;A$AP;ATLAS BRASIL CANTANHEDE;A$AP;,;A$AP;2° 50' 29'' N;;A$AP;,;A$AP;60° 41' 32'' W;A$AP;Palerma;,
Palerma;A$AP;SBBW;A$AP;,;A$AP;MT0008;A$AP;,;A$AP;BARRA DO GARÇAS;A$AP;,;A$AP;15° 51' 41'' S;;A$AP;,;A$AP;52° 23' 20'' W;A$AP;Palerma;,
Palerma;A$AP;SBCA;A$AP;,;A$AP;PR0005;A$AP;,;A$AP;AEROPORTO REGIONAL DO OESTE - CEL. ADALBERTO MENDES DA SILVA;A$AP;,;A$AP;25° 0' 8'' S;;A$AP;,;A$AP;53° 30' 7'' W;A$AP;Palerma;,
Palerma;A$AP;SBCB;A$AP;,;A$AP;RJ0003;A$AP;,;A$AP;CABO FRIO;A$AP;,;A$AP;22° 55' 15'' S;;A$AP;,;A$AP;42° 4' 17'' W;A$AP;Palerma;,
Palerma;A$AP;SBCD;A$AP;,;A$AP;SC0006;A$AP;,;A$AP;PREFEITO DR. CARLOS ALBERTO DA COSTA NEVES;A$AP;,;A$AP;26° 47' 17'' S;;A$AP;,;A$AP;50° 56' 24'' W;A$AP;Palerma;,
Palerma;A$AP;SBCF;A$AP;,;A$AP;MG0001;A$AP;,;A$AP;TANCREDO NEVES;A$AP;,;A$AP;19° 37' 28'' S;;A$AP;,;A$AP;43° 58' 19'' W;A$AP;Palerma;,
Palerma;A$AP;SBCG;A$AP;,;A$AP;MS0001;A$AP;,;A$AP;CAMPO GRANDE;A$AP;,;A$AP;20° 28' 10'' S;;A$AP;,;A$AP;54° 40' 13'' W;A$AP;Palerma;,
Palerma;A$AP;SBCH;A$AP;,;A$AP;SC0003;A$AP;,;A$AP;SERAFIN ENOSS BERTASO;A$AP;,;A$AP;27° 8' 2'' S;;A$AP;,;A$AP;52° 39' 32'' W;A$AP;Palerma;,
Palerma;A$AP;SBCI;A$AP;,;A$AP;MA0003;A$AP;,;A$AP;BRIGADEIRO LYSIAS AUGUSTO RODRIGUES;A$AP;,;A$AP;7° 19' 14'' S;;A$AP;,;A$AP;47° 27' 31'' W;A$AP;Palerma;,
Palerma;A$AP;SBCJ;A$AP;,;A$AP;PA0006;A$AP;,;A$AP;CARAJÁS;A$AP;,;A$AP;6° 6' 55'' S;;A$AP;,;A$AP;50° 0' 5'' W;A$AP;Palerma;,
Palerma;A$AP;SBCN;A$AP;,;A$AP;GO0003;A$AP;,;A$AP;NELSON RODRIGUES GUIMARÃES;A$AP;,;A$AP;17° 43' 30'' S;;A$AP;,;A$AP;48° 36' 23'' W;A$AP;Palerma;,
Palerma;A$AP;SBCP;A$AP;,;A$AP;RJ0006;A$AP;,;A$AP;BARTOLOMEU LISANDRO;A$AP;,;A$AP;21° 42' 4'' S;;A$AP;,;A$AP;41° 18' 28'' W;A$AP;Palerma;,
Palerma;A$AP;SBCR;A$AP;,;A$AP;MS0009;A$AP;,;A$AP;CORUMBÁ;A$AP;,;A$AP;19° 0' 43'' S;;A$AP;,;A$AP;57° 40' 17'' W;A$AP;Palerma;,
Palerma;A$AP;SBCT;A$AP;,;A$AP;PR0001;A$AP;,;A$AP;AFONSO PENA;A$AP;,;A$AP;25° 31' 54'' S;;A$AP;,;A$AP;49° 10' 34'' W;A$AP;Palerma;,
Palerma;A$AP;SBCX;A$AP;,;A$AP;RS0007;A$AP;,;A$AP;HUGO CANTERGIANI;A$AP;,;A$AP;29° 11' 53'' S;;A$AP;,;A$AP;51° 11' 12'' W;A$AP;Palerma;,
Palerma;A$AP;SBCY;A$AP;,;A$AP;MT0001;A$AP;,;A$AP;MARECHAL RONDON;A$AP;,;A$AP;15° 39' 0'' S;;A$AP;,;A$AP;56° 7' 3'' W;A$AP;Palerma;,
Palerma;A$AP;SBCZ;A$AP;,;A$AP;AC0002;A$AP;,;A$AP;CRUZEIRO DO SUL;A$AP;,;A$AP;7° 35' 58'' S;;A$AP;,;A$AP;72° 46' 10'' W;A$AP;Palerma;,
Palerma;A$AP;SBDB;A$AP;,;A$AP;MS0004;A$AP;,;A$AP;AERÓDROMO PÚBLICO DE BONITO;A$AP;,;A$AP;21° 14' 50'' S;;A$AP;,;A$AP;56° 27' 9'' W;A$AP;Palerma;,
Palerma;A$AP;SBDN;A$AP;,;A$AP;SP0005;A$AP;,;A$AP;PRESIDENTE PRUDENTE;A$AP;,;A$AP;22° 10' 30'' S;;A$AP;,;A$AP;51° 25' 28'' W;A$AP;Palerma;,
Palerma;A$AP;SBDO;A$AP;,;A$AP;MS0008;A$AP;,;A$AP;DOURADOS;A$AP;,;A$AP;22° 12' 2'' S;;A$AP;,;A$AP;54° 55' 32'' W;A$AP;Palerma;,
Palerma;A$AP;SBEG;A$AP;,;A$AP;AM0001;A$AP;,;A$AP;EDUARDO GOMES;A$AP;,;A$AP;3° 2' 28'' S;;A$AP;,;A$AP;60° 3' 2'' W;A$AP;Palerma;,
Palerma;A$AP;SBEK;A$AP;,;A$AP;PA0011;A$AP;,;A$AP;JACAREACANGA;A$AP;,;A$AP;6° 14' 7'' S;;A$AP;,;A$AP;57° 46' 33'' W;A$AP;Palerma;,
Palerma;A$AP;SBFI;A$AP;,;A$AP;PR0002;A$AP;,;A$AP;CATARATAS;A$AP;,;A$AP;25° 36' 1'' S;;A$AP;,;A$AP;54° 29' 6'' W;A$AP;Palerma;,
Palerma;A$AP;SBFL;A$AP;,;A$AP;SC0001;A$AP;,;A$AP;HERCÍLIO LUZ;A$AP;,;A$AP;27° 40' 13'' S;;A$AP;,;A$AP;48° 33' 9'' W;A$AP;Palerma;,
Palerma;A$AP;SBFN;A$AP;,;A$AP;PE0003;A$AP;,;A$AP;FERNANDO DE NORONHA;A$AP;,;A$AP;3° 51' 17'' S;;A$AP;,;A$AP;32° 25' 42'' W;A$AP;Palerma;,
Palerma;A$AP;SBFS;A$AP;,;A$AP;RJ0028;A$AP;,;A$AP;FAROL DE SÃO TOMÉ;A$AP;,;A$AP;22° 1' 50'' S;;A$AP;,;A$AP;41° 4' 7'' W;A$AP;Palerma;,
Palerma;A$AP;SBFZ;A$AP;,;A$AP;CE0001;A$AP;,;A$AP;PINTO MARTINS;A$AP;,;A$AP;3° 46' 33'' S;;A$AP;,;A$AP;38° 31' 56'' W;A$AP;Palerma;,
Palerma;A$AP;SBGL;A$AP;,;A$AP;RJ0001;A$AP;,;A$AP;RIO DE JANEIRO/GALEÃO – ANTÔNIO CARLOS JOBIM;A$AP;,;A$AP;22° 48' 36'' S;;A$AP;,;A$AP;43° 15' 2'' W;A$AP;Palerma;,
Palerma;A$AP;SBGM;A$AP;,;A$AP;RO0006;A$AP;,;A$AP;GUAJARÁ-MIRIM;A$AP;,;A$AP;10° 47' 18'' S;;A$AP;,;A$AP;65° 16' 54'' W;A$AP;Palerma;,
Palerma;A$AP;SBGO;A$AP;,;A$AP;GO0001;A$AP;,;A$AP;SANTA GENOVEVA/GOIÂNIA;A$AP;,;A$AP;16° 37' 57'' S;;A$AP;,;A$AP;49° 13' 16'' W;A$AP;Palerma;,
Palerma;A$AP;SBGR;A$AP;,;A$AP;SP0002;A$AP;,;A$AP;GUARULHOS - GOVERNADOR ANDRÉ FRANCO MONTORO;A$AP;,;A$AP;23° 26' 8'' S;;A$AP;,;A$AP;46° 28' 23'' W;A$AP;Palerma;,
Palerma;A$AP;SBGV;A$AP;,;A$AP;MG0032;A$AP;,;A$AP;CORONEL ALTINO MACHADO;A$AP;,;A$AP;18° 53' 46'' S;;A$AP;,;A$AP;41° 58' 60'' W;A$AP;Palerma;,
Palerma;A$AP;SBGW;A$AP;,;A$AP;SP0076;A$AP;,;A$AP;GUARATINGUETÁ;A$AP;,;A$AP;22° 47' 30'' S;;A$AP;,;A$AP;45° 12' 16'' W;A$AP;Palerma;,
Palerma;A$AP;SBHT;A$AP;,;A$AP;PA0003;A$AP;,;A$AP;ALTAMIRA;A$AP;,;A$AP;3° 15' 3'' S;;A$AP;,;A$AP;52° 15' 8'' W;A$AP;Palerma;,
Palerma;A$AP;SBIC;A$AP;,;A$AP;AM0012;A$AP;,;A$AP;ITACOATIARA;A$AP;,;A$AP;3° 7' 35'' S;;A$AP;,;A$AP;58° 28' 54'' W;A$AP;Palerma;,
Palerma;A$AP;SBIH;A$AP;,;A$AP;PA0010;A$AP;,;A$AP;ITAITUBA;A$AP;,;A$AP;4° 14' 32'' S;;A$AP;,;A$AP;56° 0' 3'' W;A$AP;Palerma;,
Palerma;A$AP;SBIL;A$AP;,;A$AP;BA0004;A$AP;,;A$AP;BAHIA - JORGE AMADO;A$AP;,;A$AP;14° 48' 54'' S;;A$AP;,;A$AP;39° 2' 0'' W;A$AP;Palerma;,
Palerma;A$AP;SBIP;A$AP;,;A$AP;MG0007;A$AP;,;A$AP;USIMINAS;A$AP;,;A$AP;19° 28' 14'' S;;A$AP;,;A$AP;42° 29' 17'' W;A$AP;Palerma;,
Palerma;A$AP;SBIZ;A$AP;,;A$AP;MA0002;A$AP;,;A$AP;PREFEITO RENATO MOREIRA;A$AP;,;A$AP;5° 31' 50'' S;;A$AP;,;A$AP;47° 27' 30'' W;A$AP;Palerma;,
Palerma;A$AP;SBJA;A$AP;,;A$AP;SC0005;A$AP;,;A$AP;REGIONAL SUL;A$AP;,;A$AP;28° 40' 31'' S;;A$AP;,;A$AP;49° 3' 34'' W;A$AP;Palerma;,
Palerma;A$AP;SBJD;A$AP;,;A$AP;SP0031;A$AP;,;A$AP;COMANDANTE ROLIM ADOLFO AMARO;A$AP;,;A$AP;23° 10' 54'' S;;A$AP;,;A$AP;46° 56' 37'' W;A$AP;Palerma;,
Palerma;A$AP;SBJE;A$AP;,;A$AP;CE0003;A$AP;,;A$AP;COMANDANTE ARISTON PESSOA;A$AP;,;A$AP;2° 54' 24'' S;;A$AP;,;A$AP;40° 21' 29'' W;A$AP;Palerma;,
Palerma;A$AP;SBJF;A$AP;,;A$AP;MG0016;A$AP;,;A$AP;FRANCISCO DE ASSIS;A$AP;,;A$AP;21° 47' 35'' S;;A$AP;,;A$AP;43° 23' 8'' W;A$AP;Palerma;,
Palerma;A$AP;SBJH;A$AP;,;A$AP;SP1176;A$AP;,;A$AP;SÃO PAULO CATARINA AEROPORTO EXECUTIVO;A$AP;,;A$AP;23° 25' 37'' S;;A$AP;,;A$AP;47° 9' 57'' W;A$AP;Palerma;,
Palerma;A$AP;SBJI;A$AP;,;A$AP;RO0005;A$AP;,;A$AP;JI-PARANÁ;A$AP;,;A$AP;10° 52' 14'' S;;A$AP;,;A$AP;61° 50' 48'' W;A$AP;Palerma;,
Palerma;A$AP;SBJP;A$AP;,;A$AP;PB0001;A$AP;,;A$AP;PRESIDENTE CASTRO PINTO;A$AP;,;A$AP;7° 8' 54'' S;;A$AP;,;A$AP;34° 57' 1'' W;A$AP;Palerma;,
Palerma;A$AP;SBJR;A$AP;,;A$AP;RJ0005;A$AP;,;A$AP;JACAREPAGUÁ - ROBERTO MARINHO;A$AP;,;A$AP;22° 59' 15'' S;;A$AP;,;A$AP;43° 22' 12'' W;A$AP;Palerma;,
Palerma;A$AP;SBJU;A$AP;,;A$AP;CE0002;A$AP;,;A$AP;ORLANDO BEZERRA DE MENEZES;A$AP;,;A$AP;7° 13' 9'' S;;A$AP;,;A$AP;39° 16' 10'' W;A$AP;Palerma;,
Palerma;A$AP;SBJV;A$AP;,;A$AP;SC0004;A$AP;,;A$AP;LAURO CARNEIRO DE LOYOLA;A$AP;,;A$AP;26° 13' 23'' S;;A$AP;,;A$AP;48° 47' 52'' W;A$AP;Palerma;,
Palerma;A$AP;SBKG;A$AP;,;A$AP;PB0003;A$AP;,;A$AP;PRESIDENTE JOÃO SUASSUNA;A$AP;,;A$AP;7° 16' 9'' S;;A$AP;,;A$AP;35° 53' 42'' W;A$AP;Palerma;,
Palerma;A$AP;SBKP;A$AP;,;A$AP;SP0003;A$AP;,;A$AP;VIRACOPOS;A$AP;,;A$AP;23° 0' 25'' S;;A$AP;,;A$AP;47° 8' 4'' W;A$AP;Palerma;,
Palerma;A$AP;SBLE;A$AP;,;A$AP;BA0006;A$AP;,;A$AP;HORÁCIO DE MATTOS;A$AP;,;A$AP;12° 28' 56'' S;;A$AP;,;A$AP;41° 16' 37'' W;A$AP;Palerma;,
Palerma;A$AP;SBLJ;A$AP;,;A$AP;SC0007;A$AP;,;A$AP;LAGES;A$AP;,;A$AP;27° 46' 56'' S;;A$AP;,;A$AP;50° 16' 54'' W;A$AP;Palerma;,
Palerma;A$AP;SBLO;A$AP;,;A$AP;PR0003;A$AP;,;A$AP;GOVERNADOR JOSÉ RICHA;A$AP;,;A$AP;23° 19' 49'' S;;A$AP;,;A$AP;51° 8' 12'' W;A$AP;Palerma;,
Palerma;A$AP;SBLP;A$AP;,;A$AP;BA0037;A$AP;,;A$AP;BOM JESUS DA LAPA;A$AP;,;A$AP;13° 15' 41'' S;;A$AP;,;A$AP;43° 24' 27'' W;A$AP;Palerma;,
Palerma;A$AP;SBMA;A$AP;,;A$AP;PA0004;A$AP;,;A$AP;JOÃO CORRÊA DA ROCHA;A$AP;,;A$AP;5° 22' 5'' S;;A$AP;,;A$AP;49° 8' 17'' W;A$AP;Palerma;,
Palerma;A$AP;SBMD;A$AP;,;A$AP;PA0009;A$AP;,;A$AP;MONTE DOURADO;A$AP;,;A$AP;0° 53' 23'' S;;A$AP;,;A$AP;52° 36' 8'' W;A$AP;Palerma;,
Palerma;A$AP;SBME;A$AP;,;A$AP;RJ0004;A$AP;,;A$AP;MACAÉ;A$AP;,;A$AP;22° 20' 34'' S;;A$AP;,;A$AP;41° 45' 50'' W;A$AP;Palerma;,
Palerma;A$AP;SBMG;A$AP;,;A$AP;PR0004;A$AP;,;A$AP;SÍLVIO NAME JÚNIOR;A$AP;,;A$AP;23° 28' 35'' S;;A$AP;,;A$AP;52° 1' 4'' W;A$AP;Palerma;,
Palerma;A$AP;SBMI;A$AP;,;A$AP;RJ0009;A$AP;,;A$AP;MARICÁ;A$AP;,;A$AP;22° 55' 5'' S;;A$AP;,;A$AP;42° 49' 44'' W;A$AP;Palerma;,
Palerma;A$AP;SBMK;A$AP;,;A$AP;MG0004;A$AP;,;A$AP;MÁRIO RIBEIRO;A$AP;,;A$AP;16° 42' 22'' S;;A$AP;,;A$AP;43° 49' 19'' W;A$AP;Palerma;,
Palerma;A$AP;SBML;A$AP;,;A$AP;SP0014;A$AP;,;A$AP;FRANK MILOYE MILENKOVICH;A$AP;,;A$AP;22° 11' 49'' S;;A$AP;,;A$AP;49° 55' 35'' W;A$AP;Palerma;,
Palerma;A$AP;SBMO;A$AP;,;A$AP;AL0001;A$AP;,;A$AP;ZUMBI DOS PALMARES;A$AP;,;A$AP;9° 30' 39'' S;;A$AP;,;A$AP;35° 47' 30'' W;A$AP;Palerma;,
Palerma;A$AP;SBMQ;A$AP;,;A$AP;AP0001;A$AP;,;A$AP;ALBERTO ALCOLUMBRE;A$AP;,;A$AP;0° 3' 2'' N;;A$AP;,;A$AP;51° 4' 20'' W;A$AP;Palerma;,
Palerma;A$AP;SBMS;A$AP;,;A$AP;RN0002;A$AP;,;A$AP;DIX-SEPT ROSADO;A$AP;,;A$AP;5° 11' 45'' S;;A$AP;,;A$AP;37° 21' 42'' W;A$AP;Palerma;,
Palerma;A$AP;SBMT;A$AP;,;A$AP;SP0007;A$AP;,;A$AP;CAMPO DE MARTE;A$AP;,;A$AP;23° 30' 24'' S;;A$AP;,;A$AP;46° 38' 2'' W;A$AP;Palerma;,
Palerma;A$AP;SBMY;A$AP;,;A$AP;AM0015;A$AP;,;A$AP;MANICORÉ;A$AP;,;A$AP;5° 48' 40'' S;;A$AP;,;A$AP;61° 16' 42'' W;A$AP;Palerma;,
Palerma;A$AP;SBNF;A$AP;,;A$AP;SC0002;A$AP;,;A$AP;MINISTRO VICTOR KONDER;A$AP;,;A$AP;26° 52' 43'' S;;A$AP;,;A$AP;48° 39' 3'' W;A$AP;Palerma;,
Palerma;A$AP;SBNM;A$AP;,;A$AP;RS0008;A$AP;,;A$AP;SANTO ÂNGELO;A$AP;,;A$AP;28° 16' 54'' S;;A$AP;,;A$AP;54° 10' 6'' W;A$AP;Palerma;,
Palerma;A$AP;SBNV;A$AP;,;A$AP;GO0002;A$AP;,;A$AP;AERÓDROMO NACIONAL DE AVIAÇÃO;A$AP;,;A$AP;16° 37' 32'' S;;A$AP;,;A$AP;49° 20' 58'' W;A$AP;Palerma;,
Palerma;A$AP;SBOI;A$AP;,;A$AP;AP0002;A$AP;,;A$AP;OIAPOQUE;A$AP;,;A$AP;3° 51' 41'' N;;A$AP;,;A$AP;51° 47' 46'' W;A$AP;Palerma;,
Palerma;A$AP;SBPA;A$AP;,;A$AP;RS0001;A$AP;,;A$AP;SALGADO FILHO;A$AP;,;A$AP;29° 59' 41'' S;;A$AP;,;A$AP;51° 10' 16'' W;A$AP;Palerma;,
Palerma;A$AP;SBPB;A$AP;,;A$AP;PI0002;A$AP;,;A$AP;AEROPORTO INTERNACIONAL DE PARNAÍBA / PREFEITO DOUTOR JOÃO SILVA FILHO;A$AP;,;A$AP;2° 53' 36'' S;;A$AP;,;A$AP;41° 43' 49'' W;A$AP;Palerma;,
Palerma;A$AP;SBPC;A$AP;,;A$AP;MG0018;A$AP;,;A$AP;EMBAIXADOR WALTHER MOREIRA SALLES;A$AP;,;A$AP;21° 50' 33'' S;;A$AP;,;A$AP;46° 34' 10'' W;A$AP;Palerma;,
Palerma;A$AP;SBPF;A$AP;,;A$AP;RS0006;A$AP;,;A$AP;LAURO KURTZ;A$AP;,;A$AP;28° 14' 39'' S;;A$AP;,;A$AP;52° 19' 42'' W;A$AP;Palerma;,
Palerma;A$AP;SBPG;A$AP;,;A$AP;PR0012;A$AP;,;A$AP;COMANDANTE ANTÔNIO AMILTON BERALDO;A$AP;,;A$AP;25° 11' 4'' S;;A$AP;,;A$AP;50° 8' 38'' W;A$AP;Palerma;,
Palerma;A$AP;SBPJ;A$AP;,;A$AP;TO0001;A$AP;,;A$AP;BRIGADEIRO LYSIAS RODRIGUES;A$AP;,;A$AP;10° 17' 24'' S;;A$AP;,;A$AP;48° 21' 28'' W;A$AP;Palerma;,
Palerma;A$AP;SBPK;A$AP;,;A$AP;RS0005;A$AP;,;A$AP;JOÃO SIMÕES LOPES NETO;A$AP;,;A$AP;31° 42' 58'' S;;A$AP;,;A$AP;52° 19' 52'' W;A$AP;Palerma;,
Palerma;A$AP;SBPL;A$AP;,;A$AP;PE0002;A$AP;,;A$AP;AEROPORTO INTERNACIONAL SENADOR NILO COELHO;A$AP;,;A$AP;9° 22' 3'' S;;A$AP;,;A$AP;40° 33' 49'' W;A$AP;Palerma;,
Palerma;A$AP;SBPO;A$AP;,;A$AP;PR0018;A$AP;,;A$AP;AEROPORTO REGIONAL DE PATO BRANCO - PROFESSOR JUVENAL LOUREIRO CARDOSO;A$AP;,;A$AP;26° 13' 2'' S;;A$AP;,;A$AP;52° 41' 40'' W;A$AP;Palerma;,
Palerma;A$AP;SBPP;A$AP;,;A$AP;MS0005;A$AP;,;A$AP;AEROPORTO INTERNACIONAL DE PONTA PORÃ;A$AP;,;A$AP;22° 32' 59'' S;;A$AP;,;A$AP;55° 42' 11'' W;A$AP;Palerma;,
Palerma;A$AP;SBPS;A$AP;,;A$AP;BA0002;A$AP;,;A$AP;PORTO SEGURO;A$AP;,;A$AP;16° 26' 17'' S;;A$AP;,;A$AP;39° 4' 40'' W;A$AP;Palerma;,
Palerma;A$AP;SBPV;A$AP;,;A$AP;RO0001;A$AP;,;A$AP;GOVERNADOR JORGE TEIXEIRA DE OLIVEIRA;A$AP;,;A$AP;8° 42' 49'' S;;A$AP;,;A$AP;63° 54' 10'' W;A$AP;Palerma;,
Palerma;A$AP;SBRB;A$AP;,;A$AP;AC0001;A$AP;,;A$AP;PLÁCIDO DE CASTRO;A$AP;,;A$AP;9° 52' 6'' S;;A$AP;,;A$AP;67° 53' 53'' W;A$AP;Palerma;,
Palerma;A$AP;SBRD;A$AP;,;A$AP;MT0004;A$AP;,;A$AP;RONDONÓPOLIS - MAESTRO MARINHO FRANCO;A$AP;,;A$AP;16° 35' 17'' S;;A$AP;,;A$AP;54° 43' 18'' W;A$AP;Palerma;,
Palerma;A$AP;SBRF;A$AP;,;A$AP;PE0001;A$AP;,;A$AP;AEROPORTO INTERNACIONAL RECIFE/GUARARAPES - GILBERTO FREYRE;A$AP;,;A$AP;8° 7' 35'' S;;A$AP;,;A$AP;34° 55' 22'' W;A$AP;Palerma;,
Palerma;A$AP;SBRJ;A$AP;,;A$AP;RJ0002;A$AP;,;A$AP;SANTOS DUMONT;A$AP;,;A$AP;22° 54' 36'' S;;A$AP;,;A$AP;43° 9' 45'' W;A$AP;Palerma;,
Palerma;A$AP;SBRP;A$AP;,;A$AP;SP0004;A$AP;,;A$AP;LEITE LOPES;A$AP;,;A$AP;21° 8' 11'' S;;A$AP;,;A$AP;47° 46' 36'' W;A$AP;Palerma;,
Palerma;A$AP;SBSG;A$AP;,;A$AP;RN0001;A$AP;,;A$AP;AEROPORTO INTERNACIONAL DO RIO GRANDE DO NORTE / SÃO GONÇALO DO AMARANTE - GOVERNADOR ALUIZIO ALVES;A$AP;,;A$AP;5° 46' 8'' S;;A$AP;,;A$AP;35° 21' 59'' W;A$AP;Palerma;,
Palerma;A$AP;SBSI;A$AP;,;A$AP;MT0002;A$AP;,;A$AP;PRESIDENTE JOÃO BATISTA FIGUEIREDO;A$AP;,;A$AP;11° 53' 6'' S;;A$AP;,;A$AP;55° 35' 10'' W;A$AP;Palerma;,
Palerma;A$AP;SBSJ;A$AP;,;A$AP;SP0008;A$AP;,;A$AP;PROFESSOR URBANO ERNESTO STUMPF;A$AP;,;A$AP;23° 13' 44'' S;;A$AP;,;A$AP;45° 52' 16'' W;A$AP;Palerma;,
Palerma;A$AP;SBSL;A$AP;,;A$AP;MA0001;A$AP;,;A$AP;MARECHAL CUNHA MACHADO;A$AP;,;A$AP;2° 35' 13'' S;;A$AP;,;A$AP;44° 14' 10'' W;A$AP;Palerma;,
Palerma;A$AP;SBSM;A$AP;,;A$AP;RS0003;A$AP;,;A$AP;SANTA MARIA;A$AP;,;A$AP;29° 42' 39'' S;;A$AP;,;A$AP;53° 41' 32'' W;A$AP;Palerma;,
Palerma;A$AP;SBSN;A$AP;,;A$AP;PA0002;A$AP;,;A$AP;MAESTRO WILSON FONSECA;A$AP;,;A$AP;2° 25' 29'' S;;A$AP;,;A$AP;54° 47' 9'' W;A$AP;Palerma;,
Palerma;A$AP;SBSO;A$AP;,;A$AP;MT0005;A$AP;,;A$AP;REGIONAL DE SORRISO ADOLINO BEDIN;A$AP;,;A$AP;12° 28' 22'' S;;A$AP;,;A$AP;55° 40' 8'' W;A$AP;Palerma;,
Palerma;A$AP;SBSP;A$AP;,;A$AP;SP0001;A$AP;,;A$AP;SÃO PAULO/CONGONHAS - DEPUTADO FREITAS NOBRE;A$AP;,;A$AP;23° 37' 34'' S;;A$AP;,;A$AP;46° 39' 23'' W;A$AP;Palerma;,
Palerma;A$AP;SBSR;A$AP;,;A$AP;SP0006;A$AP;,;A$AP;PROFESSOR ERIBERTO MANOEL REINO;A$AP;,;A$AP;20° 49' 2'' S;;A$AP;,;A$AP;49° 24' 25'' W;A$AP;Palerma;,
Palerma;A$AP;SBSV;A$AP;,;A$AP;BA0001;A$AP;,;A$AP;DEPUTADO LUÍS EDUARDO MAGALHÃES;A$AP;,;A$AP;12° 54' 31'' S;;A$AP;,;A$AP;38° 19' 21'' W;A$AP;Palerma;,
Palerma;A$AP;SBTB;A$AP;,;A$AP;PA0012;A$AP;,;A$AP;TROMBETAS;A$AP;,;A$AP;1° 29' 23'' S;;A$AP;,;A$AP;56° 23' 49'' W;A$AP;Palerma;,
Palerma;A$AP;SBTC;A$AP;,;A$AP;BA0067;A$AP;,;A$AP;UNA/COMANDATUBA;A$AP;,;A$AP;15° 21' 12'' S;;A$AP;,;A$AP;38° 59' 50'' W;A$AP;Palerma;,
Palerma;A$AP;SBTD;A$AP;,;A$AP;PR0008;A$AP;,;A$AP;LUIZ DALCANALE FILHO;A$AP;,;A$AP;24° 41' 7'' S;;A$AP;,;A$AP;53° 41' 47'' W;A$AP;Palerma;,
Palerma;A$AP;SBTE;A$AP;,;A$AP;PI0001;A$AP;,;A$AP;SENADOR PETRÔNIO PORTELLA;A$AP;,;A$AP;5° 3' 38'' S;;A$AP;,;A$AP;42° 49' 28'' W;A$AP;Palerma;,
Palerma;A$AP;SBTF;A$AP;,;A$AP;AM0004;A$AP;,;A$AP;PREFEITO ORLANDO MARINHO;A$AP;,;A$AP;3° 22' 49'' S;;A$AP;,;A$AP;64° 43' 31'' W;A$AP;Palerma;,
Palerma;A$AP;SBTG;A$AP;,;A$AP;MS0006;A$AP;,;A$AP;TRÊS LAGOAS;A$AP;,;A$AP;20° 45' 5'' S;;A$AP;,;A$AP;51° 40' 49'' W;A$AP;Palerma;,
Palerma;A$AP;SBTK;A$AP;,;A$AP;AC0004;A$AP;,;A$AP;TARAUACÁ;A$AP;,;A$AP;8° 9' 19'' S;;A$AP;,;A$AP;70° 46' 59'' W;A$AP;Palerma;,
Palerma;A$AP;SBTT;A$AP;,;A$AP;AM0005;A$AP;,;A$AP;TABATINGA;A$AP;,;A$AP;4° 15' 2'' S;;A$AP;,;A$AP;69° 56' 16'' W;A$AP;Palerma;,
Palerma;A$AP;SBTU;A$AP;,;A$AP;PA0007;A$AP;,;A$AP;TUCURUÍ;A$AP;,;A$AP;3° 46' 37'' S;;A$AP;,;A$AP;49° 43' 11'' W;A$AP;Palerma;,
Palerma;A$AP;SBUA;A$AP;,;A$AP;AM0003;A$AP;,;A$AP;SÃO GABRIEL DA CACHOEIRA;A$AP;,;A$AP;0° 8' 53'' S;;A$AP;,;A$AP;66° 59' 9'' W;A$AP;Palerma;,
Palerma;A$AP;SBUF;A$AP;,;A$AP;BA0007;A$AP;,;A$AP;PAULO AFONSO;A$AP;,;A$AP;9° 24' 4'' S;;A$AP;,;A$AP;38° 15' 4'' W;A$AP;Palerma;,
Palerma;A$AP;SBUG;A$AP;,;A$AP;RS0012;A$AP;,;A$AP;RUBEM BERTA;A$AP;,;A$AP;29° 47' 0'' S;;A$AP;,;A$AP;57° 2' 13'' W;A$AP;Palerma;,
Palerma;A$AP;SBUL;A$AP;,;A$AP;MG0002;A$AP;,;A$AP;TEN CEL AVIADOR CÉSAR BOMBONATO;A$AP;,;A$AP;18° 53' 1'' S;;A$AP;,;A$AP;48° 13' 31'' W;A$AP;Palerma;,
Palerma;A$AP;SBUR;A$AP;,;A$AP;MG0009;A$AP;,;A$AP;MARIO DE ALMEIDA FRANCO;A$AP;,;A$AP;19° 45' 53'' S;;A$AP;,;A$AP;47° 57' 58'' W;A$AP;Palerma;,
Palerma;A$AP;SBVC;A$AP;,;A$AP;BA0005;A$AP;,;A$AP;GLAUBER DE ANDRADE ROCHA;A$AP;,;A$AP;14° 54' 28'' S;;A$AP;,;A$AP;40° 54' 53'' W;A$AP;Palerma;,
Palerma;A$AP;SBVG;A$AP;,;A$AP;MG0019;A$AP;,;A$AP;MAJOR BRIGADEIRO TROMPOWSKY;A$AP;,;A$AP;21° 35' 20'' S;;A$AP;,;A$AP;45° 28' 24'' W;A$AP;Palerma;,
Palerma;A$AP;SBVH;A$AP;,;A$AP;RO0003;A$AP;,;A$AP;VILHENA;A$AP;,;A$AP;12° 41' 40'' S;;A$AP;,;A$AP;60° 5' 54'' W;A$AP;Palerma;,
Palerma;A$AP;SBVT;A$AP;,;A$AP;ES0001;A$AP;,;A$AP;EURICO DE AGUIAR SALLES;A$AP;,;A$AP;20° 15' 29'' S;;A$AP;,;A$AP;40° 17' 11'' W;A$AP;Palerma;,
Palerma;A$AP;SBZM;A$AP;,;A$AP;MG0006;A$AP;,;A$AP;PRESIDENTE ITAMAR FRANCO;A$AP;,;A$AP;21° 30' 47'' S;;A$AP;,;A$AP;43° 10' 23'' W;A$AP;Palerma;,
Palerma;A$AP;SDAA;A$AP;,;A$AP;SP0045;A$AP;,;A$AP;ARARAS;A$AP;,;A$AP;22° 20' 13'' S;;A$AP;,;A$AP;47° 21' 30'' W;A$AP;Palerma;,
Palerma;A$AP;SDAD;A$AP;,;A$AP;SP0046;A$AP;,;A$AP;EVERALDO MORAES BARRETO;A$AP;,;A$AP;21° 41' 46'' S;;A$AP;,;A$AP;51° 5' 47'' W;A$AP;Palerma;,
Palerma;A$AP;SDAE;A$AP;,;A$AP;SP0053;A$AP;,;A$AP;SÃO PEDRO;A$AP;,;A$AP;22° 35' 1'' S;;A$AP;,;A$AP;47° 53' 46'' W;A$AP;Palerma;,
Palerma;A$AP;SDAG;A$AP;,;A$AP;RJ0010;A$AP;,;A$AP;ANGRA DOS REIS;A$AP;,;A$AP;22° 58' 31'' S;;A$AP;,;A$AP;44° 18' 26'' W;A$AP;Palerma;,
Palerma;A$AP;SDAI;A$AP;,;A$AP;SP0047;A$AP;,;A$AP;AMERICANA;A$AP;,;A$AP;22° 45' 19'' S;;A$AP;,;A$AP;47° 16' 5'' W;A$AP;Palerma;,
Palerma;A$AP;SDAM;A$AP;,;A$AP;SP0037;A$AP;,;A$AP;ESTADUAL DE CAMPOS DOS AMARAIS - PREFEITO FRANCISCO AMARAL;A$AP;,;A$AP;22° 51' 33'' S;;A$AP;,;A$AP;47° 6' 29'' W;A$AP;Palerma;,
Palerma;A$AP;SDBA;A$AP;,;A$AP;SP0063;A$AP;,;A$AP;BATATAIS;A$AP;,;A$AP;20° 52' 37'' S;;A$AP;,;A$AP;47° 35' 9'' W;A$AP;Palerma;,
Palerma;A$AP;SDBB;A$AP;,;A$AP;SP0018;A$AP;,;A$AP;BEBEDOURO;A$AP;,;A$AP;20° 54' 1'' S;;A$AP;,;A$AP;48° 28' 25'' W;A$AP;Palerma;,
Palerma;A$AP;SDBK;A$AP;,;A$AP;SP0019;A$AP;,;A$AP;TANCREDO DE ALMEIDA NEVES;A$AP;,;A$AP;22° 56' 16'' S;;A$AP;,;A$AP;48° 28' 5'' W;A$AP;Palerma;,
Palerma;A$AP;SDBY;A$AP;,;A$AP;SP0032;A$AP;,;A$AP;BARIRI;A$AP;,;A$AP;22° 4' 9'' S;;A$AP;,;A$AP;48° 42' 23'' W;A$AP;Palerma;,
Palerma;A$AP;SDCA;A$AP;,;A$AP;SP0051;A$AP;,;A$AP;CAPÃO BONITO;A$AP;,;A$AP;24° 2' 1'' S;;A$AP;,;A$AP;48° 21' 25'' W;A$AP;Palerma;,
Palerma;A$AP;SDCG;A$AP;,;A$AP;AM0016;A$AP;,;A$AP;SENADORA EUNICE MICHILES;A$AP;,;A$AP;3° 28' 9'' S;;A$AP;,;A$AP;68° 55' 16'' W;A$AP;Palerma;,
Palerma;A$AP;SDCO;A$AP;,;A$AP;SP0027;A$AP;,;A$AP;SOROCABA;A$AP;,;A$AP;23° 28' 40'' S;;A$AP;,;A$AP;47° 29' 24'' W;A$AP;Palerma;,
Palerma;A$AP;SDDN;A$AP;,;A$AP;SP0020;A$AP;,;A$AP;PAULINO RIBEIRO DE ANDRADE;A$AP;,;A$AP;20° 55' 30'' S;;A$AP;,;A$AP;51° 22' 55'' W;A$AP;Palerma;,
Palerma;A$AP;SDDR;A$AP;,;A$AP;SP0021;A$AP;,;A$AP;DRACENA;A$AP;,;A$AP;21° 27' 38'' S;;A$AP;,;A$AP;51° 36' 25'' W;A$AP;Palerma;,
Palerma;A$AP;SDEP;A$AP;,;A$AP;SP0052;A$AP;,;A$AP;GERALDO MOACIR BORDON;A$AP;,;A$AP;21° 46' 30'' S;;A$AP;,;A$AP;52° 8' 37'' W;A$AP;Palerma;,
Palerma;A$AP;SDET;A$AP;,;A$AP;SP0067;A$AP;,;A$AP;TIETÊ;A$AP;,;A$AP;23° 6' 17'' S;;A$AP;,;A$AP;47° 43' 28'' W;A$AP;Palerma;,
Palerma;A$AP;SDFD;A$AP;,;A$AP;SP0054;A$AP;,;A$AP;CORONEL AVIADOR CARLOS ORLEANS GUIMARÃES;A$AP;,;A$AP;20° 16' 36'' S;;A$AP;,;A$AP;50° 12' 50'' W;A$AP;Palerma;,
Palerma;A$AP;SDFX;A$AP;,;A$AP;BA0054;A$AP;,;A$AP;CASA NOVA;A$AP;,;A$AP;9° 9' 27'' S;;A$AP;,;A$AP;40° 56' 15'' W;A$AP;Palerma;,
Palerma;A$AP;SDGC;A$AP;,;A$AP;SP0055;A$AP;,;A$AP;GARÇA;A$AP;,;A$AP;22° 11' 1'' S;;A$AP;,;A$AP;49° 39' 22'' W;A$AP;Palerma;,
Palerma;A$AP;SDH2;A$AP;,;A$AP;MT0662;A$AP;,;A$AP;PORTO ALEGRE DO NORTE;A$AP;,;A$AP;10° 55' 5'' S;;A$AP;,;A$AP;51° 36' 32'' W;A$AP;Palerma;,
Palerma;A$AP;SDIG;A$AP;,;A$AP;SP0038;A$AP;,;A$AP;IBITINGA;A$AP;,;A$AP;21° 44' 50'' S;;A$AP;,;A$AP;48° 51' 21'' W;A$AP;Palerma;,
Palerma;A$AP;SDIM;A$AP;,;A$AP;SP0033;A$AP;,;A$AP;DR. ANTONIO RIBEIRO NOGUEIRA JÚNIOR;A$AP;,;A$AP;24° 9' 53'' S;;A$AP;,;A$AP;46° 47' 8'' W;A$AP;Palerma;,
Palerma;A$AP;SDIV;A$AP;,;A$AP;SP0056;A$AP;,;A$AP;ITUVERAVA;A$AP;,;A$AP;20° 22' 31'' S;;A$AP;,;A$AP;47° 46' 7'' W;A$AP;Palerma;,
Palerma;A$AP;SDIY;A$AP;,;A$AP;BA0013;A$AP;,;A$AP;JOÃO DURVAL CARNEIRO;A$AP;,;A$AP;12° 12' 2'' S;;A$AP;,;A$AP;38° 54' 23'' W;A$AP;Palerma;,
Palerma;A$AP;SDJC;A$AP;,;A$AP;SP0064;A$AP;,;A$AP;JABOTICABAL;A$AP;,;A$AP;21° 13' 51'' S;;A$AP;,;A$AP;48° 17' 8'' W;A$AP;Palerma;,
Palerma;A$AP;SDJO;A$AP;,;A$AP;SP0057;A$AP;,;A$AP;SÃO JOAQUIM DA BARRA;A$AP;,;A$AP;20° 35' 36'' S;;A$AP;,;A$AP;47° 50' 32'' W;A$AP;Palerma;,
Palerma;A$AP;SDJV;A$AP;,;A$AP;SP0035;A$AP;,;A$AP;MUNICIPAL DE SÃO JOÃO DA BOA VISTA;A$AP;,;A$AP;22° 1' 0'' S;;A$AP;,;A$AP;46° 50' 26'' W;A$AP;Palerma;,
Palerma;A$AP;SDK7;A$AP;,;A$AP;MS0563;A$AP;,;A$AP;NOVA ANDRADINA;A$AP;,;A$AP;22° 9' 45'' S;;A$AP;,;A$AP;53° 19' 49'' W;A$AP;Palerma;,
Palerma;A$AP;SDKJ;A$AP;,;A$AP;BA0025;A$AP;,;A$AP;FORMOSA DO RIO PRETO;A$AP;,;A$AP;11° 1' 16'' S;;A$AP;,;A$AP;45° 11' 14'' W;A$AP;Palerma;,
Palerma;A$AP;SDKK;A$AP;,;A$AP;SP0058;A$AP;,;A$AP;MOCOCA;A$AP;,;A$AP;21° 29' 14'' S;;A$AP;,;A$AP;47° 2' 2'' W;A$AP;Palerma;,
Palerma;A$AP;SDLL;A$AP;,;A$AP;SP0048;A$AP;,;A$AP;YOLANDA PENTEADO;A$AP;,;A$AP;22° 13' 33'' S;;A$AP;,;A$AP;47° 22' 51'' W;A$AP;Palerma;,
Palerma;A$AP;SDLP;A$AP;,;A$AP;SP0034;A$AP;,;A$AP;MUNICIPAL JOSÉ BOSO;A$AP;,;A$AP;22° 34' 42'' S;;A$AP;,;A$AP;48° 46' 28'' W;A$AP;Palerma;,
Palerma;A$AP;SDLY;A$AP;,;A$AP;SP0071;A$AP;,;A$AP;ARMANDO NATALI;A$AP;,;A$AP;21° 37' 27'' S;;A$AP;,;A$AP;48° 21' 3'' W;A$AP;Palerma;,
Palerma;A$AP;SDMH;A$AP;,;A$AP;SP0059;A$AP;,;A$AP;MIRASSOL;A$AP;,;A$AP;20° 48' 26'' S;;A$AP;,;A$AP;49° 29' 10'' W;A$AP;Palerma;,
Palerma;A$AP;SDMJ;A$AP;,;A$AP;SP0022;A$AP;,;A$AP;MOGI MIRIM;A$AP;,;A$AP;22° 24' 39'' S;;A$AP;,;A$AP;46° 54' 20'' W;A$AP;Palerma;,
Palerma;A$AP;SDMO;A$AP;,;A$AP;SP0068;A$AP;,;A$AP;MONTE ALTO;A$AP;,;A$AP;21° 15' 29'' S;;A$AP;,;A$AP;48° 31' 27'' W;A$AP;Palerma;,
Palerma;A$AP;SDNH;A$AP;,;A$AP;SP0060;A$AP;,;A$AP;NOVO HORIZONTE;A$AP;,;A$AP;21° 29' 52'' S;;A$AP;,;A$AP;49° 14' 4'' W;A$AP;Palerma;,
Palerma;A$AP;SDNM;A$AP;,;A$AP;MT0047;A$AP;,;A$AP;BRIGADEIRO EDUARDO GOMES;A$AP;,;A$AP;13° 49' 16'' S;;A$AP;,;A$AP;56° 2' 19'' W;A$AP;Palerma;,
Palerma;A$AP;SDNO;A$AP;,;A$AP;SP0061;A$AP;,;A$AP;NELSON GARÓFALO;A$AP;,;A$AP;22° 41' 46'' S;;A$AP;,;A$AP;48° 34' 34'' W;A$AP;Palerma;,
Palerma;A$AP;SDOU;A$AP;,;A$AP;SP0023;A$AP;,;A$AP;JORNALISTA BENEDITO PIMENTEL;A$AP;,;A$AP;22° 58' 25'' S;;A$AP;,;A$AP;49° 54' 41'' W;A$AP;Palerma;,
Palerma;A$AP;SDOV;A$AP;,;A$AP;GO0005;A$AP;,;A$AP;MOZARLÂNDIA;A$AP;,;A$AP;14° 46' 8'' S;;A$AP;,;A$AP;50° 33' 54'' W;A$AP;Palerma;,
Palerma;A$AP;SDOW;A$AP;,;A$AP;PA0021;A$AP;,;A$AP;OURILÂNDIA DO NORTE;A$AP;,;A$AP;6° 45' 47'' S;;A$AP;,;A$AP;51° 2' 60'' W;A$AP;Palerma;,
Palerma;A$AP;SDPD;A$AP;,;A$AP;SP0072;A$AP;,;A$AP;PINDAMONHANGABA;A$AP;,;A$AP;22° 56' 38'' S;;A$AP;,;A$AP;45° 25' 55'' W;A$AP;Palerma;,
Palerma;A$AP;SDPE;A$AP;,;A$AP;TO0003;A$AP;,;A$AP;PORTO NACIONAL;A$AP;,;A$AP;10° 43' 5'' S;;A$AP;,;A$AP;48° 23' 56'' W;A$AP;Palerma;,
Palerma;A$AP;SDPN;A$AP;,;A$AP;SP0024;A$AP;,;A$AP;PENÁPOLIS;A$AP;,;A$AP;21° 24' 36'' S;;A$AP;,;A$AP;50° 2' 1'' W;A$AP;Palerma;,
Palerma;A$AP;SDPV;A$AP;,;A$AP;SP0040;A$AP;,;A$AP;PRESIDENTE VENCESLAU;A$AP;,;A$AP;21° 53' 36'' S;;A$AP;,;A$AP;51° 53' 4'' W;A$AP;Palerma;,
Palerma;A$AP;SDPW;A$AP;,;A$AP;SP0041;A$AP;,;A$AP;PEDRO MORGANTI;A$AP;,;A$AP;22° 42' 43'' S;;A$AP;,;A$AP;47° 37' 5'' W;A$AP;Palerma;,
Palerma;A$AP;SDPY;A$AP;,;A$AP;SP0066;A$AP;,;A$AP;PIRASSUNUNGA;A$AP;,;A$AP;22° 1' 40'' S;;A$AP;,;A$AP;47° 25' 18'' W;A$AP;Palerma;,
Palerma;A$AP;SDRK;A$AP;,;A$AP;SP0049;A$AP;,;A$AP;RIO CLARO;A$AP;,;A$AP;22° 25' 54'' S;;A$AP;,;A$AP;47° 33' 45'' W;A$AP;Palerma;,
Palerma;A$AP;SDRR;A$AP;,;A$AP;SP0028;A$AP;,;A$AP;AVARÉ-ARANDU;A$AP;,;A$AP;23° 5' 32'' S;;A$AP;,;A$AP;48° 59' 14'' W;A$AP;Palerma;,
Palerma;A$AP;SDRS;A$AP;,;A$AP;RJ0007;A$AP;,;A$AP;RESENDE;A$AP;,;A$AP;22° 28' 43'' S;;A$AP;,;A$AP;44° 28' 54'' W;A$AP;Palerma;,
Palerma;A$AP;SDSC;A$AP;,;A$AP;SP0029;A$AP;,;A$AP;MÁRIO PEREIRA LOPES;A$AP;,;A$AP;21° 52' 35'' S;;A$AP;,;A$AP;47° 54' 12'' W;A$AP;Palerma;,
Palerma;A$AP;SDTB;A$AP;,;A$AP;SP0069;A$AP;,;A$AP;ATIBAIA;A$AP;,;A$AP;23° 7' 42'' S;;A$AP;,;A$AP;46° 34' 29'' W;A$AP;Palerma;,
Palerma;A$AP;SDTF;A$AP;,;A$AP;SP0050;A$AP;,;A$AP;TATUÍ;A$AP;,;A$AP;23° 19' 55'' S;;A$AP;,;A$AP;47° 52' 48'' W;A$AP;Palerma;,
Palerma;A$AP;SDTI;A$AP;,;A$AP;SP0073;A$AP;,;A$AP;TUPI PAULISTA;A$AP;,;A$AP;21° 23' 36'' S;;A$AP;,;A$AP;51° 36' 3'' W;A$AP;Palerma;,
Palerma;A$AP;SDTK;A$AP;,;A$AP;RJ0011;A$AP;,;A$AP;PARATY;A$AP;,;A$AP;23° 13' 26'' S;;A$AP;,;A$AP;44° 43' 24'' W;A$AP;Palerma;,
Palerma;A$AP;SDTP;A$AP;,;A$AP;SP0025;A$AP;,;A$AP;JOSÉ VICENTE FARIA LIMA;A$AP;,;A$AP;21° 53' 24'' S;;A$AP;,;A$AP;50° 30' 21'' W;A$AP;Palerma;,
Palerma;A$AP;SDUB;A$AP;,;A$AP;SP0065;A$AP;,;A$AP;ESTADUAL GASTÃO MADEIRA;A$AP;,;A$AP;23° 26' 29'' S;;A$AP;,;A$AP;45° 4' 34'' W;A$AP;Palerma;,
Palerma;A$AP;SDUN;A$AP;,;A$AP;RJ0008;A$AP;,;A$AP;ITAPERUNA;A$AP;,;A$AP;21° 13' 9'' S;;A$AP;,;A$AP;41° 52' 33'' W;A$AP;Palerma;,
Palerma;A$AP;SDUQ;A$AP;,;A$AP;SP0042;A$AP;,;A$AP;PARAGUAÇU PAULISTA;A$AP;,;A$AP;22° 25' 37'' S;;A$AP;,;A$AP;50° 36' 25'' W;A$AP;Palerma;,
Palerma;A$AP;SDVE;A$AP;,;A$AP;SP0070;A$AP;,;A$AP;VERA CRUZ;A$AP;,;A$AP;22° 13' 49'' S;;A$AP;,;A$AP;49° 49' 1'' W;A$AP;Palerma;,
Palerma;A$AP;SDVG;A$AP;,;A$AP;SP0026;A$AP;,;A$AP;DOMINGOS PIGNATARI;A$AP;,;A$AP;20° 27' 26'' S;;A$AP;,;A$AP;50° 0' 9'' W;A$AP;Palerma;,
Palerma;A$AP;SDWQ;A$AP;,;A$AP;PA0027;A$AP;,;A$AP;ALENQUER;A$AP;,;A$AP;1° 55' 1'' S;;A$AP;,;A$AP;54° 43' 22'' W;A$AP;Palerma;,
Palerma;A$AP;SDXF;A$AP;,;A$AP;GO0020;A$AP;,;A$AP;ALTO PARAÍSO DE GOIÁS;A$AP;,;A$AP;14° 7' 9'' S;;A$AP;,;A$AP;47° 31' 49'' W;A$AP;Palerma;,
Palerma;A$AP;SDXJ;A$AP;,;A$AP;MS0017;A$AP;,;A$AP;COSTA RICA;A$AP;,;A$AP;18° 29' 29'' S;;A$AP;,;A$AP;53° 10' 6'' W;A$AP;Palerma;,
Palerma;A$AP;SDZG;A$AP;,;A$AP;CE0008;A$AP;,;A$AP;PEDRO TEIXEIRA CASTELO REGIONAL TAUÁ;A$AP;,;A$AP;5° 56' 0'' S;;A$AP;,;A$AP;40° 17' 51'' W;A$AP;Palerma;,
Palerma;A$AP;SI68;A$AP;,;A$AP;MT0612;A$AP;,;A$AP;GELINDO STEFANUTO;A$AP;,;A$AP;13° 43' 53'' S;;A$AP;,;A$AP;57° 53' 30'' W;A$AP;Palerma;,
Palerma;A$AP;SIBU;A$AP;,;A$AP;PB0012;A$AP;,;A$AP;JERÔNIMO SÉRGIO ROSADO MAIA;A$AP;,;A$AP;6° 21' 45'' S;;A$AP;,;A$AP;37° 45' 19'' W;A$AP;Palerma;,
Palerma;A$AP;SIBW;A$AP;,;A$AP;PB0008;A$AP;,;A$AP;CONCEIÇÃO;A$AP;,;A$AP;7° 33' 45'' S;;A$AP;,;A$AP;38° 29' 51'' W;A$AP;Palerma;,
Palerma;A$AP;SIBY;A$AP;,;A$AP;PB0009;A$AP;,;A$AP;LOURIVAL NUNES DE FARIAS;A$AP;,;A$AP;7° 52' 42'' S;;A$AP;,;A$AP;37° 8' 12'' W;A$AP;Palerma;,
Palerma;A$AP;SIBZ;A$AP;,;A$AP;PB0010;A$AP;,;A$AP;ITAPORANGA;A$AP;,;A$AP;7° 18' 40'' S;;A$AP;,;A$AP;38° 6' 49'' W;A$AP;Palerma;,
Palerma;A$AP;SICB;A$AP;,;A$AP;PB0007;A$AP;,;A$AP;PEDRO SIMÕES PIMENTA;A$AP;,;A$AP;6° 29' 15'' S;;A$AP;,;A$AP;36° 8' 24'' W;A$AP;Palerma;,
Palerma;A$AP;SILC;A$AP;,;A$AP;MT0025;A$AP;,;A$AP;AEROPORTO MUNICIPAL BOM FUTURO ;A$AP;,;A$AP;13° 2' 16'' S;;A$AP;,;A$AP;55° 57' 1'' W;A$AP;Palerma;,
Palerma;A$AP;SIMK;A$AP;,;A$AP;SP0011;A$AP;,;A$AP;TENENTE LUND PRESSOTO;A$AP;,;A$AP;20° 35' 25'' S;;A$AP;,;A$AP;47° 22' 57'' W;A$AP;Palerma;,
Palerma;A$AP;SIZX;A$AP;,;A$AP;MT0018;A$AP;,;A$AP;JUARA SUL;A$AP;,;A$AP;11° 17' 48'' S;;A$AP;,;A$AP;57° 32' 56'' W;A$AP;Palerma;,
Palerma;A$AP;SJ4Y;A$AP;,;A$AP;GO0028;A$AP;,;A$AP;MORRINHOS;A$AP;,;A$AP;17° 45' 42'' S;;A$AP;,;A$AP;49° 7' 18'' W;A$AP;Palerma;,
Palerma;A$AP;SJAU;A$AP;,;A$AP;TO0007;A$AP;,;A$AP;ARAGUACEMA;A$AP;,;A$AP;8° 50' 16'' S;;A$AP;,;A$AP;49° 33' 28'' W;A$AP;Palerma;,
Palerma;A$AP;SJBY;A$AP;,;A$AP;MA0007;A$AP;,;A$AP;JOÃO SILVA;A$AP;,;A$AP;3° 39' 16'' S;;A$AP;,;A$AP;45° 20' 43'' W;A$AP;Palerma;,
Palerma;A$AP;SJGU;A$AP;,;A$AP;TO0005;A$AP;,;A$AP;ARAGUATINS;A$AP;,;A$AP;5° 41' 9'' S;;A$AP;,;A$AP;48° 6' 51'' W;A$AP;Palerma;,
Palerma;A$AP;SJOG;A$AP;,;A$AP;RO0008;A$AP;,;A$AP;ARIQUEMES;A$AP;,;A$AP;9° 52' 50'' S;;A$AP;,;A$AP;63° 2' 50'' W;A$AP;Palerma;,
Palerma;A$AP;SJQN;A$AP;,;A$AP;GO0006;A$AP;,;A$AP;QUIRINÓPOLIS;A$AP;,;A$AP;18° 26' 46'' S;;A$AP;,;A$AP;50° 24' 33'' W;A$AP;Palerma;,
Palerma;A$AP;SJRG;A$AP;,;A$AP;RS0013;A$AP;,;A$AP;REGIONAL DE RIO GRANDE;A$AP;,;A$AP;32° 5' 1'' S;;A$AP;,;A$AP;52° 10' 4'' W;A$AP;Palerma;,
Palerma;A$AP;SJTS;A$AP;,;A$AP;PA0028;A$AP;,;A$AP;TERRA SANTA;A$AP;,;A$AP;2° 4' 22'' S;;A$AP;,;A$AP;56° 29' 20'' W;A$AP;Palerma;,
Palerma;A$AP;SJVO;A$AP;,;A$AP;GO0030;A$AP;,;A$AP;ARAGARÇAS;A$AP;,;A$AP;15° 53' 58'' S;;A$AP;,;A$AP;52° 14' 27'' W;A$AP;Palerma;,
Palerma;A$AP;SJXI;A$AP;,;A$AP;MG0311;A$AP;,;A$AP;SANTA RITA DO SAPUCAÍ;A$AP;,;A$AP;22° 16' 22'' S;;A$AP;,;A$AP;45° 38' 24'' W;A$AP;Palerma;,
Palerma;A$AP;SJZA;A$AP;,;A$AP;PB0004;A$AP;,;A$AP;PEDRO VIEIRA MOREIRA;A$AP;,;A$AP;6° 52' 58'' S;;A$AP;,;A$AP;38° 36' 57'' W;A$AP;Palerma;,
Palerma;A$AP;SN3Y;A$AP;,;A$AP;BA0251;A$AP;,;A$AP;NOVO AEROPORTO DE BOM JESUS DA LAPA;A$AP;,;A$AP;13° 16' 21'' S;;A$AP;,;A$AP;43° 18' 53'' W;A$AP;Palerma;,
Palerma;A$AP;SN6L;A$AP;,;A$AP;CE0164;A$AP;,;A$AP;DR. LUCIANO DE ARRUDA COELHO;A$AP;,;A$AP;3° 36' 53'' S;;A$AP;,;A$AP;40° 13' 56'' W;A$AP;Palerma;,
Palerma;A$AP;SNAB;A$AP;,;A$AP;PE0009;A$AP;,;A$AP;ARARIPINA;A$AP;,;A$AP;7° 35' 11'' S;;A$AP;,;A$AP;40° 32' 7'' W;A$AP;Palerma;,
Palerma;A$AP;SNAE;A$AP;,;A$AP;PE0007;A$AP;,;A$AP;ARCOVERDE;A$AP;,;A$AP;8° 24' 28'' S;;A$AP;,;A$AP;37° 5' 18'' W;A$AP;Palerma;,
Palerma;A$AP;SNAG;A$AP;,;A$AP;MG0020;A$AP;,;A$AP;ARAGUARI;A$AP;,;A$AP;18° 40' 5'' S;;A$AP;,;A$AP;48° 11' 25'' W;A$AP;Palerma;,
Palerma;A$AP;SNAL;A$AP;,;A$AP;AL0003;A$AP;,;A$AP;ARAPIRACA;A$AP;,;A$AP;9° 46' 35'' S;;A$AP;,;A$AP;36° 37' 50'' W;A$AP;Palerma;,
Palerma;A$AP;SNAP;A$AP;,;A$AP;MG0021;A$AP;,;A$AP;JANAÚBA;A$AP;,;A$AP;15° 43' 55'' S;;A$AP;,;A$AP;43° 19' 23'' W;A$AP;Palerma;,
Palerma;A$AP;SNAR;A$AP;,;A$AP;MG0033;A$AP;,;A$AP;CIRILO QUEIRÓZ;A$AP;,;A$AP;16° 9' 57'' S;;A$AP;,;A$AP;40° 41' 3'' W;A$AP;Palerma;,
Palerma;A$AP;SNAS;A$AP;,;A$AP;MG0022;A$AP;,;A$AP;TRÊS MARIAS;A$AP;,;A$AP;18° 13' 30'' S;;A$AP;,;A$AP;45° 11' 26'' W;A$AP;Palerma;,
Palerma;A$AP;SNAX;A$AP;,;A$AP;SP0016;A$AP;,;A$AP;MARCELO PIRES HALZHAUSEN;A$AP;,;A$AP;22° 38' 19'' S;;A$AP;,;A$AP;50° 27' 21'' W;A$AP;Palerma;,
Palerma;A$AP;SNBA;A$AP;,;A$AP;SP0013;A$AP;,;A$AP;CHAFEI AMSEI;A$AP;,;A$AP;20° 35' 8'' S;;A$AP;,;A$AP;48° 35' 45'' W;A$AP;Palerma;,
Palerma;A$AP;SNBC;A$AP;,;A$AP;MA0006;A$AP;,;A$AP;BARRA DO CORDA;A$AP;,;A$AP;5° 30' 9'' S;;A$AP;,;A$AP;45° 12' 58'' W;A$AP;Palerma;,
Palerma;A$AP;SNBG;A$AP;,;A$AP;ES0005;A$AP;,;A$AP;BAIXO GUANDU - AIMORÉS;A$AP;,;A$AP;19° 29' 56'' S;;A$AP;,;A$AP;41° 2' 31'' W;A$AP;Palerma;,
Palerma;A$AP;SNBI;A$AP;,;A$AP;MA0005;A$AP;,;A$AP;BACABAL;A$AP;,;A$AP;4° 13' 41'' S;;A$AP;,;A$AP;44° 49' 11'' W;A$AP;Palerma;,
Palerma;A$AP;SNBM;A$AP;,;A$AP;MG0051;A$AP;,;A$AP;CRISTIANO FERREIRA VARELLA;A$AP;,;A$AP;21° 7' 34'' S;;A$AP;,;A$AP;42° 23' 40'' W;A$AP;Palerma;,
Palerma;A$AP;SNBR;A$AP;,;A$AP;BA0011;A$AP;,;A$AP;DOM RICARDO WEBERBERGER;A$AP;,;A$AP;12° 4' 45'' S;;A$AP;,;A$AP;45° 0' 34'' W;A$AP;Palerma;,
Palerma;A$AP;SNBS;A$AP;,;A$AP;MA0010;A$AP;,;A$AP;BALSAS;A$AP;,;A$AP;7° 31' 31'' S;;A$AP;,;A$AP;46° 3' 12'' W;A$AP;Palerma;,
Palerma;A$AP;SNBX;A$AP;,;A$AP;BA0028;A$AP;,;A$AP;BARRA;A$AP;,;A$AP;11° 4' 52'' S;;A$AP;,;A$AP;43° 8' 51'' W;A$AP;Palerma;,
Palerma;A$AP;SNBZ;A$AP;,;A$AP;BA0042;A$AP;,;A$AP;PARAMIRIM;A$AP;,;A$AP;13° 29' 26'' S;;A$AP;,;A$AP;42° 13' 45'' W;A$AP;Palerma;,
Palerma;A$AP;SNCA;A$AP;,;A$AP;MG0031;A$AP;,;A$AP;CAMPO BELO;A$AP;,;A$AP;20° 53' 33'' S;;A$AP;,;A$AP;45° 20' 8'' W;A$AP;Palerma;,
Palerma;A$AP;SNCP;A$AP;,;A$AP;SC0181;A$AP;,;A$AP;AEROPORTO REGIONAL DO PLANALTO SERRANO;A$AP;,;A$AP;27° 38' 3'' S;;A$AP;,;A$AP;50° 21' 30'' W;A$AP;Palerma;,
Palerma;A$AP;SNCS;A$AP;,;A$AP;CE0009;A$AP;,;A$AP;CAMPOS SALES;A$AP;,;A$AP;7° 3' 6'' S;;A$AP;,;A$AP;40° 21' 30'' W;A$AP;Palerma;,
Palerma;A$AP;SNCT;A$AP;,;A$AP;MG0056;A$AP;,;A$AP;CARATINGA;A$AP;,;A$AP;19° 43' 31'' S;;A$AP;,;A$AP;42° 6' 44'' W;A$AP;Palerma;,
Palerma;A$AP;SNCX;A$AP;,;A$AP;ES0004;A$AP;,;A$AP;COLATINA;A$AP;,;A$AP;19° 29' 15'' S;;A$AP;,;A$AP;40° 34' 46'' W;A$AP;Palerma;,
Palerma;A$AP;SNCZ;A$AP;,;A$AP;MG0059;A$AP;,;A$AP;PONTE NOVA;A$AP;,;A$AP;20° 24' 11'' S;;A$AP;,;A$AP;42° 55' 0'' W;A$AP;Palerma;,
Palerma;A$AP;SNDC;A$AP;,;A$AP;PA0030;A$AP;,;A$AP;REDENÇÃO;A$AP;,;A$AP;8° 1' 52'' S;;A$AP;,;A$AP;49° 58' 47'' W;A$AP;Palerma;,
Palerma;A$AP;SNDT;A$AP;,;A$AP;MG0030;A$AP;,;A$AP;JUSCELINO KUBITSCHEK;A$AP;,;A$AP;18° 13' 56'' S;;A$AP;,;A$AP;43° 39' 1'' W;A$AP;Palerma;,
Palerma;A$AP;SNDV;A$AP;,;A$AP;MG0015;A$AP;,;A$AP;BRIGADEIRO ANTÔNIO CABRAL;A$AP;,;A$AP;20° 10' 55'' S;;A$AP;,;A$AP;44° 52' 12'' W;A$AP;Palerma;,
Palerma;A$AP;SNEB;A$AP;,;A$AP;PA0018;A$AP;,;A$AP;NAGIB DEMACHKI;A$AP;,;A$AP;3° 1' 11'' S;;A$AP;,;A$AP;47° 18' 59'' W;A$AP;Palerma;,
Palerma;A$AP;SNED;A$AP;,;A$AP;BA0023;A$AP;,;A$AP;SÓCRATES REZENDE;A$AP;,;A$AP;15° 39' 59'' S;;A$AP;,;A$AP;38° 57' 19'' W;A$AP;Palerma;,
Palerma;A$AP;SNEE;A$AP;,;A$AP;RS0004;A$AP;,;A$AP;VACARIA NOVO;A$AP;,;A$AP;28° 25' 55'' S;;A$AP;,;A$AP;51° 1' 22'' W;A$AP;Palerma;,
Palerma;A$AP;SNFE;A$AP;,;A$AP;MG0012;A$AP;,;A$AP;COMANDANTE PASCHOAL PATROCÍNIO FILHO;A$AP;,;A$AP;21° 25' 53'' S;;A$AP;,;A$AP;45° 55' 56'' W;A$AP;Palerma;,
Palerma;A$AP;SNFO;A$AP;,;A$AP;MG0060;A$AP;,;A$AP;FORMIGA;A$AP;,;A$AP;20° 23' 41'' S;;A$AP;,;A$AP;45° 28' 59'' W;A$AP;Palerma;,
Palerma;A$AP;SNFU;A$AP;,;A$AP;MG0063;A$AP;,;A$AP;FRUTAL;A$AP;,;A$AP;20° 0' 17'' S;;A$AP;,;A$AP;48° 57' 32'' W;A$AP;Palerma;,
Palerma;A$AP;SNFX;A$AP;,;A$AP;PA0013;A$AP;,;A$AP;SÃO FÉLIX DO XINGU;A$AP;,;A$AP;6° 38' 29'' S;;A$AP;,;A$AP;51° 57' 8'' W;A$AP;Palerma;,
Palerma;A$AP;SNGA;A$AP;,;A$AP;ES0007;A$AP;,;A$AP;GUARAPARI;A$AP;,;A$AP;20° 38' 47'' S;;A$AP;,;A$AP;40° 29' 30'' W;A$AP;Palerma;,
Palerma;A$AP;SNGB;A$AP;,;A$AP;PI0011;A$AP;,;A$AP;GILBUÉS;A$AP;,;A$AP;9° 50' 1'' S;;A$AP;,;A$AP;45° 22' 2'' W;A$AP;Palerma;,
Palerma;A$AP;SNGD;A$AP;,;A$AP;PI0005;A$AP;,;A$AP;GUADALUPE;A$AP;,;A$AP;6° 46' 59'' S;;A$AP;,;A$AP;43° 34' 51'' W;A$AP;Palerma;,
Palerma;A$AP;SNGG;A$AP;,;A$AP;PI0007;A$AP;,;A$AP;BOM JESUS DO GURGUÉIA;A$AP;,;A$AP;9° 3' 34'' S;;A$AP;,;A$AP;44° 22' 9'' W;A$AP;Palerma;,
Palerma;A$AP;SNGI;A$AP;,;A$AP;BA0009;A$AP;,;A$AP;AERÓDROMO DE GUANAMBI;A$AP;,;A$AP;14° 12' 29'' S;;A$AP;,;A$AP;42° 44' 46'' W;A$AP;Palerma;,
Palerma;A$AP;SNGN;A$AP;,;A$AP;PE0006;A$AP;,;A$AP;GARANHUNS;A$AP;,;A$AP;8° 50' 4'' S;;A$AP;,;A$AP;36° 28' 17'' W;A$AP;Palerma;,
Palerma;A$AP;SNGX;A$AP;,;A$AP;MG0023;A$AP;,;A$AP;GUAXUPÉ;A$AP;,;A$AP;21° 19' 36'' S;;A$AP;,;A$AP;46° 43' 49'' W;A$AP;Palerma;,
Palerma;A$AP;SNHS;A$AP;,;A$AP;PE0005;A$AP;,;A$AP;SANTA MAGALHÃES;A$AP;,;A$AP;8° 3' 41'' S;;A$AP;,;A$AP;38° 19' 43'' W;A$AP;Palerma;,
Palerma;A$AP;SNIB;A$AP;,;A$AP;BA0045;A$AP;,;A$AP;ITABERABA;A$AP;,;A$AP;12° 29' 59'' S;;A$AP;,;A$AP;40° 16' 13'' W;A$AP;Palerma;,
Palerma;A$AP;SNIC;A$AP;,;A$AP;BA0019;A$AP;,;A$AP;IRECÊ;A$AP;,;A$AP;11° 20' 24'' S;;A$AP;,;A$AP;41° 50' 49'' W;A$AP;Palerma;,
Palerma;A$AP;SNIE;A$AP;,;A$AP;BA0020;A$AP;,;A$AP;CAETITÉ;A$AP;,;A$AP;14° 0' 44'' S;;A$AP;,;A$AP;42° 29' 38'' W;A$AP;Palerma;,
Palerma;A$AP;SNIG;A$AP;,;A$AP;CE0007;A$AP;,;A$AP;IGUATU;A$AP;,;A$AP;6° 20' 48'' S;;A$AP;,;A$AP;39° 17' 40'' W;A$AP;Palerma;,
Palerma;A$AP;SNIO;A$AP;,;A$AP;BA0010;A$AP;,;A$AP;CIPÓ;A$AP;,;A$AP;11° 7' 31'' S;;A$AP;,;A$AP;38° 29' 13'' W;A$AP;Palerma;,
Palerma;A$AP;SNIP;A$AP;,;A$AP;BA0057;A$AP;,;A$AP;ITAPETINGA;A$AP;,;A$AP;15° 14' 40'' S;;A$AP;,;A$AP;40° 16' 38'' W;A$AP;Palerma;,
Palerma;A$AP;SNIT;A$AP;,;A$AP;BA0046;A$AP;,;A$AP;IBOTIRAMA;A$AP;,;A$AP;12° 10' 6'' S;;A$AP;,;A$AP;43° 13' 21'' W;A$AP;Palerma;,
Palerma;A$AP;SNIU;A$AP;,;A$AP;BA0030;A$AP;,;A$AP;IPIAÚ;A$AP;,;A$AP;14° 10' 24'' S;;A$AP;,;A$AP;39° 41' 3'' W;A$AP;Palerma;,
Palerma;A$AP;SNJB;A$AP;,;A$AP;BA0062;A$AP;,;A$AP;JACOBINA;A$AP;,;A$AP;11° 9' 47'' S;;A$AP;,;A$AP;40° 33' 12'' W;A$AP;Palerma;,
Palerma;A$AP;SNJK;A$AP;,;A$AP;BA0047;A$AP;,;A$AP;JEQUIÉ;A$AP;,;A$AP;13° 52' 40'' S;;A$AP;,;A$AP;40° 4' 17'' W;A$AP;Palerma;,
Palerma;A$AP;SNJM;A$AP;,;A$AP;MG0050;A$AP;,;A$AP;ELIAS BREDER;A$AP;,;A$AP;20° 15' 35'' S;;A$AP;,;A$AP;42° 11' 2'' W;A$AP;Palerma;,
Palerma;A$AP;SNJP;A$AP;,;A$AP;MG0036;A$AP;,;A$AP;JOÃO PINHEIRO;A$AP;,;A$AP;17° 47' 15'' S;;A$AP;,;A$AP;46° 7' 13'' W;A$AP;Palerma;,
Palerma;A$AP;SNJQ;A$AP;,;A$AP;MG0053;A$AP;,;A$AP;JEQUITINHONHA;A$AP;,;A$AP;16° 26' 29'' S;;A$AP;,;A$AP;41° 2' 14'' W;A$AP;Palerma;,
Palerma;A$AP;SNJR;A$AP;,;A$AP;MG0034;A$AP;,;A$AP;PREFEITO OCTÁVIO DE ALMEIDA NEVES;A$AP;,;A$AP;21° 5' 8'' S;;A$AP;,;A$AP;44° 13' 31'' W;A$AP;Palerma;,
Palerma;A$AP;SNKD;A$AP;,;A$AP;MG0070;A$AP;,;A$AP;CONCEIÇÃO DO MATO DENTRO;A$AP;,;A$AP;19° 1' 7'' S;;A$AP;,;A$AP;43° 26' 7'' W;A$AP;Palerma;,
Palerma;A$AP;SNKF;A$AP;,;A$AP;MG0071;A$AP;,;A$AP;DAS BANDEIRINHAS;A$AP;,;A$AP;20° 44' 19'' S;;A$AP;,;A$AP;43° 47' 51'' W;A$AP;Palerma;,
Palerma;A$AP;SNKI;A$AP;,;A$AP;ES0006;A$AP;,;A$AP;AERÓDROMO DE CACHOEIRO DE ITAPEMIRIM;A$AP;,;A$AP;20° 50' 7'' S;;A$AP;,;A$AP;41° 11' 11'' W;A$AP;Palerma;,
Palerma;A$AP;SNKN;A$AP;,;A$AP;RN0004;A$AP;,;A$AP;CURRAIS NOVOS;A$AP;,;A$AP;6° 16' 51'' S;;A$AP;,;A$AP;36° 32' 25'' W;A$AP;Palerma;,
Palerma;A$AP;SNKR;A$AP;,;A$AP;PI0012;A$AP;,;A$AP;CORRENTE;A$AP;,;A$AP;10° 27' 7'' S;;A$AP;,;A$AP;45° 8' 11'' W;A$AP;Palerma;,
Palerma;A$AP;SNLI;A$AP;,;A$AP;MG0040;A$AP;,;A$AP;ABAETÉ;A$AP;,;A$AP;19° 9' 21'' S;;A$AP;,;A$AP;45° 29' 42'' W;A$AP;Palerma;,
Palerma;A$AP;SNLN;A$AP;,;A$AP;ES0002;A$AP;,;A$AP;MUNICIPAL DE LINHARES;A$AP;,;A$AP;19° 21' 19'' S;;A$AP;,;A$AP;40° 4' 17'' W;A$AP;Palerma;,
Palerma;A$AP;SNLO;A$AP;,;A$AP;MG0037;A$AP;,;A$AP;SÃO LOURENÇO;A$AP;,;A$AP;22° 5' 27'' S;;A$AP;,;A$AP;45° 2' 40'' W;A$AP;Palerma;,
Palerma;A$AP;SNLT;A$AP;,;A$AP;PI0010;A$AP;,;A$AP;PAULISTANA;A$AP;,;A$AP;8° 9' 59'' S;;A$AP;,;A$AP;41° 9' 14'' W;A$AP;Palerma;,
Palerma;A$AP;SNMA;A$AP;,;A$AP;PA0019;A$AP;,;A$AP;MONTE ALEGRE;A$AP;,;A$AP;1° 59' 48'' S;;A$AP;,;A$AP;54° 4' 17'' W;A$AP;Palerma;,
Palerma;A$AP;SNMH;A$AP;,;A$AP;GO0018;A$AP;,;A$AP;PIRENÓPOLIS;A$AP;,;A$AP;15° 50' 55'' S;;A$AP;,;A$AP;48° 58' 58'' W;A$AP;Palerma;,
Palerma;A$AP;SNMJ;A$AP;,;A$AP;BA0031;A$AP;,;A$AP;MARACÁS;A$AP;,;A$AP;13° 23' 10'' S;;A$AP;,;A$AP;40° 27' 58'' W;A$AP;Palerma;,
Palerma;A$AP;SNMK;A$AP;,;A$AP;MG0017;A$AP;,;A$AP;MOCAMBINHO;A$AP;,;A$AP;15° 5' 35'' S;;A$AP;,;A$AP;43° 58' 45'' W;A$AP;Palerma;,
Palerma;A$AP;SNMN;A$AP;,;A$AP;MG0075;A$AP;,;A$AP;MINAS NOVAS;A$AP;,;A$AP;17° 15' 50'' S;;A$AP;,;A$AP;42° 32' 21'' W;A$AP;Palerma;,
Palerma;A$AP;SNMR;A$AP;,;A$AP;BA0065;A$AP;,;A$AP;MARAÚ;A$AP;,;A$AP;14° 8' 36'' S;;A$AP;,;A$AP;39° 0' 24'' W;A$AP;Palerma;,
Palerma;A$AP;SNMX;A$AP;,;A$AP;ES0003;A$AP;,;A$AP;SÃO MATEUS;A$AP;,;A$AP;18° 43' 17'' S;;A$AP;,;A$AP;39° 50' 1'' W;A$AP;Palerma;,
Palerma;A$AP;SNMZ;A$AP;,;A$AP;PA0020;A$AP;,;A$AP;PORTO DE MOZ;A$AP;,;A$AP;1° 44' 29'' S;;A$AP;,;A$AP;52° 14' 9'' W;A$AP;Palerma;,
Palerma;A$AP;SNNE;A$AP;,;A$AP;MG0078;A$AP;,;A$AP;SEBASTIÃO CARLOS LEITE;A$AP;,;A$AP;21° 32' 32'' S;;A$AP;,;A$AP;43° 1' 16'' W;A$AP;Palerma;,
Palerma;A$AP;SNNU;A$AP;,;A$AP;MG0041;A$AP;,;A$AP;NANUQUE;A$AP;,;A$AP;17° 49' 23'' S;;A$AP;,;A$AP;40° 19' 47'' W;A$AP;Palerma;,
Palerma;A$AP;SNOE;A$AP;,;A$AP;PI0008;A$AP;,;A$AP;OEIRAS;A$AP;,;A$AP;7° 1' 8'' S;;A$AP;,;A$AP;42° 10' 2'' W;A$AP;Palerma;,
Palerma;A$AP;SNOF;A$AP;,;A$AP;MG0057;A$AP;,;A$AP;OURO FINO;A$AP;,;A$AP;22° 17' 50'' S;;A$AP;,;A$AP;46° 23' 33'' W;A$AP;Palerma;,
Palerma;A$AP;SNOS;A$AP;,;A$AP;MG0024;A$AP;,;A$AP;MUNICIPAL JOSÉ FIGUEIREDO;A$AP;,;A$AP;20° 43' 55'' S;;A$AP;,;A$AP;46° 39' 43'' W;A$AP;Palerma;,
Palerma;A$AP;SNOX;A$AP;,;A$AP;PA0014;A$AP;,;A$AP;ORIXIMINÁ;A$AP;,;A$AP;1° 42' 49'' S;;A$AP;,;A$AP;55° 50' 9'' W;A$AP;Palerma;,
Palerma;A$AP;SNPA;A$AP;,;A$AP;MG0052;A$AP;,;A$AP;PARÁ DE MINAS;A$AP;,;A$AP;19° 50' 33'' S;;A$AP;,;A$AP;44° 36' 3'' W;A$AP;Palerma;,
Palerma;A$AP;SNPC;A$AP;,;A$AP;PI0009;A$AP;,;A$AP;PICOS;A$AP;,;A$AP;7° 3' 41'' S;;A$AP;,;A$AP;41° 31' 33'' W;A$AP;Palerma;,
Palerma;A$AP;SNPD;A$AP;,;A$AP;MG0010;A$AP;,;A$AP;PATOS DE MINAS;A$AP;,;A$AP;18° 40' 20'' S;;A$AP;,;A$AP;46° 29' 29'' W;A$AP;Palerma;,
Palerma;A$AP;SNPJ;A$AP;,;A$AP;MG0042;A$AP;,;A$AP;PATROCÍNIO;A$AP;,;A$AP;18° 54' 33'' S;;A$AP;,;A$AP;46° 58' 58'' W;A$AP;Palerma;,
Palerma;A$AP;SNPQ;A$AP;,;A$AP;PE0010;A$AP;,;A$AP;PESQUEIRA;A$AP;,;A$AP;8° 22' 29'' S;;A$AP;,;A$AP;36° 38' 16'' W;A$AP;Palerma;,
Palerma;A$AP;SNPU;A$AP;,;A$AP;MG0073;A$AP;,;A$AP;COMANDANTE VIRGILIO BORIM;A$AP;,;A$AP;21° 33' 41'' S;;A$AP;,;A$AP;45° 45' 17'' W;A$AP;Palerma;,
Palerma;A$AP;SNPX;A$AP;,;A$AP;MG0028;A$AP;,;A$AP;PIRAPORA;A$AP;,;A$AP;17° 18' 50'' S;;A$AP;,;A$AP;44° 51' 31'' W;A$AP;Palerma;,
Palerma;A$AP;SNPY;A$AP;,;A$AP;MG0013;A$AP;,;A$AP;SÃO SEBASTIÃO DO PARAÍSO;A$AP;,;A$AP;20° 56' 54'' S;;A$AP;,;A$AP;46° 58' 59'' W;A$AP;Palerma;,
Palerma;A$AP;SNQD;A$AP;,;A$AP;PB0006;A$AP;,;A$AP;SOUSA;A$AP;,;A$AP;6° 47' 8'' S;;A$AP;,;A$AP;38° 14' 2'' W;A$AP;Palerma;,
Palerma;A$AP;SNQG;A$AP;,;A$AP;PI0003;A$AP;,;A$AP;CANGAPARA;A$AP;,;A$AP;6° 50' 46'' S;;A$AP;,;A$AP;43° 4' 41'' W;A$AP;Palerma;,
Palerma;A$AP;SNQU;A$AP;,;A$AP;BA0032;A$AP;,;A$AP;MUCUGÊ;A$AP;,;A$AP;13° 1' 54'' S;;A$AP;,;A$AP;41° 26' 40'' W;A$AP;Palerma;,
Palerma;A$AP;SNQV;A$AP;,;A$AP;MG0044;A$AP;,;A$AP;CURVELO;A$AP;,;A$AP;18° 44' 58'' S;;A$AP;,;A$AP;44° 27' 29'' W;A$AP;Palerma;,
Palerma;A$AP;SNQX;A$AP;,;A$AP;CE0010;A$AP;,;A$AP;QUIXADÁ;A$AP;,;A$AP;4° 58' 44'' S;;A$AP;,;A$AP;38° 59' 16'' W;A$AP;Palerma;,
Palerma;A$AP;SNRD;A$AP;,;A$AP;BA0048;A$AP;,;A$AP;PRADO;A$AP;,;A$AP;17° 17' 49'' S;;A$AP;,;A$AP;39° 16' 19'' W;A$AP;Palerma;,
Palerma;A$AP;SNRM;A$AP;,;A$AP;BA0022;A$AP;,;A$AP;REMANSO;A$AP;,;A$AP;9° 34' 48'' S;;A$AP;,;A$AP;42° 6' 57'' W;A$AP;Palerma;,
Palerma;A$AP;SNRP;A$AP;,;A$AP;MG0066;A$AP;,;A$AP;RIO PARANAÍBA;A$AP;,;A$AP;19° 12' 45'' S;;A$AP;,;A$AP;46° 14' 26'' W;A$AP;Palerma;,
Palerma;A$AP;SNRU;A$AP;,;A$AP;PE0004;A$AP;,;A$AP;CARUARU;A$AP;,;A$AP;8° 17' 4'' S;;A$AP;,;A$AP;36° 0' 39'' W;A$AP;Palerma;,
Palerma;A$AP;SNRX;A$AP;,;A$AP;MA0009;A$AP;,;A$AP;RIACHÃO;A$AP;,;A$AP;7° 20' 47'' S;;A$AP;,;A$AP;46° 37' 39'' W;A$AP;Palerma;,
Palerma;A$AP;SNRZ;A$AP;,;A$AP;MG0049;A$AP;,;A$AP;OLIVEIRA;A$AP;,;A$AP;20° 42' 52'' S;;A$AP;,;A$AP;44° 51' 55'' W;A$AP;Palerma;,
Palerma;A$AP;SNSE;A$AP;,;A$AP;BA0056;A$AP;,;A$AP;SENTO SÉ;A$AP;,;A$AP;9° 45' 27'' S;;A$AP;,;A$AP;41° 51' 18'' W;A$AP;Palerma;,
Palerma;A$AP;SNSG;A$AP;,;A$AP;PE0008;A$AP;,;A$AP;SALGUEIRO;A$AP;,;A$AP;8° 2' 48'' S;;A$AP;,;A$AP;39° 8' 2'' W;A$AP;Palerma;,
Palerma;A$AP;SNSI;A$AP;,;A$AP;MG0076;A$AP;,;A$AP;SANTA MARIA DO SUAÇUÍ;A$AP;,;A$AP;18° 11' 55'' S;;A$AP;,;A$AP;42° 27' 58'' W;A$AP;Palerma;,
Palerma;A$AP;SNSM;A$AP;,;A$AP;PA0029;A$AP;,;A$AP;SALINÓPOLIS;A$AP;,;A$AP;0° 41' 47'' S;;A$AP;,;A$AP;47° 20' 12'' W;A$AP;Palerma;,
Palerma;A$AP;SNSS;A$AP;,;A$AP;MG0029;A$AP;,;A$AP;SALINAS;A$AP;,;A$AP;16° 12' 30'' S;;A$AP;,;A$AP;42° 19' 19'' W;A$AP;Palerma;,
Palerma;A$AP;SNTF;A$AP;,;A$AP;BA0016;A$AP;,;A$AP;TEIXEIRA DE FREITAS;A$AP;,;A$AP;17° 31' 28'' S;;A$AP;,;A$AP;39° 40' 6'' W;A$AP;Palerma;,
Palerma;A$AP;SNTI;A$AP;,;A$AP;PA0016;A$AP;,;A$AP;ÓBIDOS;A$AP;,;A$AP;1° 52' 5'' S;;A$AP;,;A$AP;55° 30' 52'' W;A$AP;Palerma;,
Palerma;A$AP;SNTO;A$AP;,;A$AP;MG0048;A$AP;,;A$AP;JUSCELINO KUBITSCHECK;A$AP;,;A$AP;17° 53' 27'' S;;A$AP;,;A$AP;41° 30' 54'' W;A$AP;Palerma;,
Palerma;A$AP;SNTQ;A$AP;,;A$AP;BA0053;A$AP;,;A$AP;BURITIRAMA;A$AP;,;A$AP;10° 43' 18'' S;;A$AP;,;A$AP;43° 39' 13'' W;A$AP;Palerma;,
Palerma;A$AP;SNTS;A$AP;,;A$AP;PB0005;A$AP;,;A$AP;BRIGADEIRO FIRMINO AYRES;A$AP;,;A$AP;7° 2' 16'' S;;A$AP;,;A$AP;37° 15' 27'' W;A$AP;Palerma;,
Palerma;A$AP;SNUB;A$AP;,;A$AP;MG0058;A$AP;,;A$AP;UBÁ;A$AP;,;A$AP;21° 7' 12'' S;;A$AP;,;A$AP;42° 53' 1'' W;A$AP;Palerma;,
Palerma;A$AP;SNUH;A$AP;,;A$AP;MG0054;A$AP;,;A$AP;PIUMHI;A$AP;,;A$AP;20° 26' 20'' S;;A$AP;,;A$AP;45° 59' 32'' W;A$AP;Palerma;,
Palerma;A$AP;SNUI;A$AP;,;A$AP;MG0045;A$AP;,;A$AP;ARAÇUAÍ;A$AP;,;A$AP;16° 51' 7'' S;;A$AP;,;A$AP;42° 2' 46'' W;A$AP;Palerma;,
Palerma;A$AP;SNUN;A$AP;,;A$AP;MG0055;A$AP;,;A$AP;UNAÍ;A$AP;,;A$AP;16° 21' 14'' S;;A$AP;,;A$AP;46° 55' 37'' W;A$AP;Palerma;,
Palerma;A$AP;SNVB;A$AP;,;A$AP;BA0008;A$AP;,;A$AP;VALENÇA;A$AP;,;A$AP;13° 17' 47'' S;;A$AP;,;A$AP;38° 59' 33'' W;A$AP;Palerma;,
Palerma;A$AP;SNVC;A$AP;,;A$AP;MG0074;A$AP;,;A$AP;VIÇOSA;A$AP;,;A$AP;20° 44' 42'' S;;A$AP;,;A$AP;42° 50' 29'' W;A$AP;Palerma;,
Palerma;A$AP;SNVD;A$AP;,;A$AP;BA0050;A$AP;,;A$AP;SANTA MARIA DA VITÓRIA;A$AP;,;A$AP;13° 24' 17'' S;;A$AP;,;A$AP;44° 13' 23'' W;A$AP;Palerma;,
Palerma;A$AP;SNVI;A$AP;,;A$AP;MG0035;A$AP;,;A$AP;MELLO VIANA;A$AP;,;A$AP;21° 47' 21'' S;;A$AP;,;A$AP;45° 16' 5'' W;A$AP;Palerma;,
Palerma;A$AP;SNVS;A$AP;,;A$AP;PA0015;A$AP;,;A$AP;BREVES;A$AP;,;A$AP;1° 38' 11'' S;;A$AP;,;A$AP;50° 26' 36'' W;A$AP;Palerma;,
Palerma;A$AP;SNWC;A$AP;,;A$AP;CE0011;A$AP;,;A$AP;CAMOCIM;A$AP;,;A$AP;2° 53' 45'' S;;A$AP;,;A$AP;40° 51' 32'' W;A$AP;Palerma;,
Palerma;A$AP;SNWS;A$AP;,;A$AP;CE0005;A$AP;,;A$AP;CRATEÚS;A$AP;,;A$AP;5° 12' 40'' S;;A$AP;,;A$AP;40° 42' 15'' W;A$AP;Palerma;,
Palerma;A$AP;SNXB;A$AP;,;A$AP;MG0025;A$AP;,;A$AP;CAXAMBU;A$AP;,;A$AP;21° 55' 3'' S;;A$AP;,;A$AP;44° 58' 10'' W;A$AP;Palerma;,
Palerma;A$AP;SNXQ;A$AP;,;A$AP;BA0018;A$AP;,;A$AP;XIQUE-XIQUE;A$AP;,;A$AP;10° 50' 3'' S;;A$AP;,;A$AP;42° 41' 0'' W;A$AP;Palerma;,
Palerma;A$AP;SNYA;A$AP;,;A$AP;PA0024;A$AP;,;A$AP;AERÓDROMO PÚBLICO DE ALMEIRIM;A$AP;,;A$AP;1° 28' 45'' S;;A$AP;,;A$AP;52° 34' 41'' W;A$AP;Palerma;,
Palerma;A$AP;SNYB;A$AP;,;A$AP;MG0047;A$AP;,;A$AP;TITO TEIXEIRA;A$AP;,;A$AP;19° 0' 5'' S;;A$AP;,;A$AP;49° 29' 14'' W;A$AP;Palerma;,
Palerma;A$AP;SNYE;A$AP;,;A$AP;MA0004;A$AP;,;A$AP;PINHEIRO;A$AP;,;A$AP;2° 28' 39'' S;;A$AP;,;A$AP;45° 6' 18'' W;A$AP;Palerma;,
Palerma;A$AP;SNYU;A$AP;,;A$AP;MG0014;A$AP;,;A$AP;ITURAMA;A$AP;,;A$AP;19° 43' 2'' S;;A$AP;,;A$AP;50° 13' 13'' W;A$AP;Palerma;,
Palerma;A$AP;SNZA;A$AP;,;A$AP;MG0038;A$AP;,;A$AP;POUSO ALEGRE;A$AP;,;A$AP;22° 17' 20'' S;;A$AP;,;A$AP;45° 55' 10'' W;A$AP;Palerma;,
Palerma;A$AP;SNZR;A$AP;,;A$AP;MG0026;A$AP;,;A$AP;PEDRO RABELO DE SOUZA;A$AP;,;A$AP;17° 14' 34'' S;;A$AP;,;A$AP;46° 52' 59'' W;A$AP;Palerma;,
Palerma;A$AP;SSAB;A$AP;,;A$AP;PR0024;A$AP;,;A$AP;MOISÉS LUPION;A$AP;,;A$AP;23° 45' 46'' S;;A$AP;,;A$AP;50° 15' 47'' W;A$AP;Palerma;,
Palerma;A$AP;SSAE;A$AP;,;A$AP;RS0040;A$AP;,;A$AP;ARROIO GRANDE;A$AP;,;A$AP;32° 13' 45'' S;;A$AP;,;A$AP;53° 3' 21'' W;A$AP;Palerma;,
Palerma;A$AP;SSAK;A$AP;,;A$AP;RS0048;A$AP;,;A$AP;CARLOS RUHL;A$AP;,;A$AP;28° 39' 31'' S;;A$AP;,;A$AP;53° 36' 41'' W;A$AP;Palerma;,
Palerma;A$AP;SSAN;A$AP;,;A$AP;PR0032;A$AP;,;A$AP;JOÃO GALDINO;A$AP;,;A$AP;23° 1' 38'' S;;A$AP;,;A$AP;50° 13' 37'' W;A$AP;Palerma;,
Palerma;A$AP;SSAP;A$AP;,;A$AP;PR0014;A$AP;,;A$AP;CAPITÃO JOÃO BUSSE;A$AP;,;A$AP;23° 36' 44'' S;;A$AP;,;A$AP;51° 23' 6'' W;A$AP;Palerma;,
Palerma;A$AP;SSAQ;A$AP;,;A$AP;RS0036;A$AP;,;A$AP;AEROCLUBE DE PASSO FUNDO;A$AP;,;A$AP;28° 15' 2'' S;;A$AP;,;A$AP;52° 31' 0'' W;A$AP;Palerma;,
Palerma;A$AP;SSBL;A$AP;,;A$AP;SC0019;A$AP;,;A$AP;BLUMENAU;A$AP;,;A$AP;26° 49' 54'' S;;A$AP;,;A$AP;49° 5' 37'' W;A$AP;Palerma;,
Palerma;A$AP;SSBN;A$AP;,;A$AP;RS0002;A$AP;,;A$AP;BELÉM NOVO;A$AP;,;A$AP;30° 11' 21'' S;;A$AP;,;A$AP;51° 10' 57'' W;A$AP;Palerma;,
Palerma;A$AP;SSBV;A$AP;,;A$AP;MS0011;A$AP;,;A$AP;BELA VISTA;A$AP;,;A$AP;22° 4' 56'' S;;A$AP;,;A$AP;56° 32' 18'' W;A$AP;Palerma;,
Palerma;A$AP;SSCB;A$AP;,;A$AP;SP0044;A$AP;,;A$AP;MUNICIPAL DE CASA BRANCA;A$AP;,;A$AP;21° 47' 17'' S;;A$AP;,;A$AP;47° 3' 20'' W;A$AP;Palerma;,
Palerma;A$AP;SSCD;A$AP;,;A$AP;MS0007;A$AP;,;A$AP;CHAPADÃO DO SUL;A$AP;,;A$AP;18° 50' 21'' S;;A$AP;,;A$AP;52° 29' 17'' W;A$AP;Palerma;,
Palerma;A$AP;SSCI;A$AP;,;A$AP;MS0012;A$AP;,;A$AP;COXIM;A$AP;,;A$AP;18° 28' 53'' S;;A$AP;,;A$AP;54° 42' 57'' W;A$AP;Palerma;,
Palerma;A$AP;SSCK;A$AP;,;A$AP;SC0010;A$AP;,;A$AP;OLAVO CECCO RIGON;A$AP;,;A$AP;27° 10' 50'' S;;A$AP;,;A$AP;52° 3' 4'' W;A$AP;Palerma;,
Palerma;A$AP;SSCL;A$AP;,;A$AP;MS0018;A$AP;,;A$AP;CASSILÂNDIA;A$AP;,;A$AP;19° 8' 49'' S;;A$AP;,;A$AP;51° 40' 35'' W;A$AP;Palerma;,
Palerma;A$AP;SSCN;A$AP;,;A$AP;RS0019;A$AP;,;A$AP;CANELA;A$AP;,;A$AP;29° 22' 14'' S;;A$AP;,;A$AP;50° 49' 56'' W;A$AP;Palerma;,
Palerma;A$AP;SSCP;A$AP;,;A$AP;PR0015;A$AP;,;A$AP;FRANCISCO LACERDA JÚNIOR;A$AP;,;A$AP;23° 9' 9'' S;;A$AP;,;A$AP;50° 36' 9'' W;A$AP;Palerma;,
Palerma;A$AP;SSCR;A$AP;,;A$AP;PR0016;A$AP;,;A$AP;RUBEN BERTA;A$AP;,;A$AP;24° 30' 46'' S;;A$AP;,;A$AP;54° 3' 17'' W;A$AP;Palerma;,
Palerma;A$AP;SSCT;A$AP;,;A$AP;PR0025;A$AP;,;A$AP;ENGENHEIRO GASTÃO DE MESQUITA FILHO;A$AP;,;A$AP;23° 41' 30'' S;;A$AP;,;A$AP;52° 38' 32'' W;A$AP;Palerma;,
Palerma;A$AP;SSEE;A$AP;,;A$AP;RS0054;A$AP;,;A$AP;REGIONAL DO VALE DO TAQUARI;A$AP;,;A$AP;29° 27' 12'' S;;A$AP;,;A$AP;51° 56' 3'' W;A$AP;Palerma;,
Palerma;A$AP;SSEP;A$AP;,;A$AP;RS0031;A$AP;,;A$AP;SÃO SEPÉ;A$AP;,;A$AP;30° 10' 56'' S;;A$AP;,;A$AP;53° 34' 46'' W;A$AP;Palerma;,
Palerma;A$AP;SSER;A$AP;,;A$AP;RS0018;A$AP;,;A$AP;ERECHIM;A$AP;,;A$AP;27° 39' 48'' S;;A$AP;,;A$AP;52° 16' 19'' W;A$AP;Palerma;,
Palerma;A$AP;SSEZ;A$AP;,;A$AP;RS0050;A$AP;,;A$AP;ESPUMOSO;A$AP;,;A$AP;28° 44' 17'' S;;A$AP;,;A$AP;52° 51' 20'' W;A$AP;Palerma;,
Palerma;A$AP;SSFB;A$AP;,;A$AP;PR0021;A$AP;,;A$AP;PAULO ABDALA;A$AP;,;A$AP;26° 3' 32'' S;;A$AP;,;A$AP;53° 3' 48'' W;A$AP;Palerma;,
Palerma;A$AP;SSFL;A$AP;,;A$AP;PI0006;A$AP;,;A$AP;JOÃO PEREIRA DOS SANTOS FILHO;A$AP;,;A$AP;7° 6' 0'' S;;A$AP;,;A$AP;40° 37' 42'' W;A$AP;Palerma;,
Palerma;A$AP;SSGA;A$AP;,;A$AP;RS0020;A$AP;,;A$AP;GARIBALDI;A$AP;,;A$AP;29° 16' 6'' S;;A$AP;,;A$AP;51° 31' 56'' W;A$AP;Palerma;,
Palerma;A$AP;SSGB;A$AP;,;A$AP;PR0035;A$AP;,;A$AP;MUNICIPAL DE GUARATUBA;A$AP;,;A$AP;25° 52' 50'' S;;A$AP;,;A$AP;48° 36' 44'' W;A$AP;Palerma;,
Palerma;A$AP;SSGG;A$AP;,;A$AP;PR0009;A$AP;,;A$AP;AEROPORTO REGIONAL DE GUARAPUAVA - TANCREDO THOMÁS DE FARIA;A$AP;,;A$AP;25° 23' 18'' S;;A$AP;,;A$AP;51° 31' 25'' W;A$AP;Palerma;,
Palerma;A$AP;SSGW;A$AP;,;A$AP;PR0037;A$AP;,;A$AP;MANOEL RIBAS;A$AP;,;A$AP;24° 13' 11'' S;;A$AP;,;A$AP;53° 2' 38'' W;A$AP;Palerma;,
Palerma;A$AP;SSGY;A$AP;,;A$AP;PR0023;A$AP;,;A$AP;GUAÍRA;A$AP;,;A$AP;24° 4' 47'' S;;A$AP;,;A$AP;54° 11' 17'' W;A$AP;Palerma;,
Palerma;A$AP;SSHZ;A$AP;,;A$AP;RS0037;A$AP;,;A$AP;WALTER BÜNDCHEN;A$AP;,;A$AP;27° 38' 18'' S;;A$AP;,;A$AP;54° 20' 20'' W;A$AP;Palerma;,
Palerma;A$AP;SSIE;A$AP;,;A$AP;MS0002;A$AP;,;A$AP;TERUEL IPANEMA ESTÂNCIA;A$AP;,;A$AP;20° 36' 14'' S;;A$AP;,;A$AP;54° 35' 43'' W;A$AP;Palerma;,
Palerma;A$AP;SSIJ;A$AP;,;A$AP;RS0032;A$AP;,;A$AP;IJUÍ;A$AP;,;A$AP;28° 22' 7'' S;;A$AP;,;A$AP;53° 50' 47'' W;A$AP;Palerma;,
Palerma;A$AP;SSIM;A$AP;,;A$AP;SC0009;A$AP;,;A$AP;FORQUILHINHA-CRICIÚMA;A$AP;,;A$AP;28° 43' 33'' S;;A$AP;,;A$AP;49° 25' 29'' W;A$AP;Palerma;,
Palerma;A$AP;SSIQ;A$AP;,;A$AP;RS0045;A$AP;,;A$AP;ITAQUI;A$AP;,;A$AP;29° 10' 19'' S;;A$AP;,;A$AP;56° 32' 18'' W;A$AP;Palerma;,
Palerma;A$AP;SSIR;A$AP;,;A$AP;RS0049;A$AP;,;A$AP;IBIRUBÁ;A$AP;,;A$AP;28° 36' 15'' S;;A$AP;,;A$AP;53° 4' 43'' W;A$AP;Palerma;,
Palerma;A$AP;SSJA;A$AP;,;A$AP;SC0014;A$AP;,;A$AP;SANTA TEREZINHA;A$AP;,;A$AP;27° 10' 22'' S;;A$AP;,;A$AP;51° 33' 6'' W;A$AP;Palerma;,
Palerma;A$AP;SSJI;A$AP;,;A$AP;MS0019;A$AP;,;A$AP;JARDIM;A$AP;,;A$AP;21° 29' 34'' S;;A$AP;,;A$AP;56° 9' 9'' W;A$AP;Palerma;,
Palerma;A$AP;SSJK;A$AP;,;A$AP;RS0028;A$AP;,;A$AP;JÚLIO DE CASTILHOS;A$AP;,;A$AP;29° 9' 11'' S;;A$AP;,;A$AP;53° 44' 36'' W;A$AP;Palerma;,
Palerma;A$AP;SSKG;A$AP;,;A$AP;MS0003;A$AP;,;A$AP;ESTÂNCIA SANTA MARIA;A$AP;,;A$AP;20° 30' 20'' S;;A$AP;,;A$AP;54° 31' 29'' W;A$AP;Palerma;,
Palerma;A$AP;SSKK;A$AP;,;A$AP;RS0052;A$AP;,;A$AP;CAPÃO DA CANOA;A$AP;,;A$AP;29° 45' 49'' S;;A$AP;,;A$AP;50° 2' 13'' W;A$AP;Palerma;,
Palerma;A$AP;SSKM;A$AP;,;A$AP;PR0017;A$AP;,;A$AP;CAMPO MOURÃO;A$AP;,;A$AP;24° 0' 9'' S;;A$AP;,;A$AP;52° 21' 25'' W;A$AP;Palerma;,
Palerma;A$AP;SSKS;A$AP;,;A$AP;RS0039;A$AP;,;A$AP;BRIGADEIRO NERO MOURA;A$AP;,;A$AP;30° 0' 8'' S;;A$AP;,;A$AP;52° 56' 25'' W;A$AP;Palerma;,
Palerma;A$AP;SSKU;A$AP;,;A$AP;SC0016;A$AP;,;A$AP;LAURO ANTÔNIO DA COSTA;A$AP;,;A$AP;27° 17' 14'' S;;A$AP;,;A$AP;50° 36' 14'' W;A$AP;Palerma;,
Palerma;A$AP;SSKW;A$AP;,;A$AP;RO0004;A$AP;,;A$AP;CACOAL;A$AP;,;A$AP;11° 29' 44'' S;;A$AP;,;A$AP;61° 27' 3'' W;A$AP;Palerma;,
Palerma;A$AP;SSKZ;A$AP;,;A$AP;RS0009;A$AP;,;A$AP;CARAZINHO;A$AP;,;A$AP;28° 19' 18'' S;;A$AP;,;A$AP;52° 49' 0'' W;A$AP;Palerma;,
Palerma;A$AP;SSLG;A$AP;,;A$AP;RS0021;A$AP;,;A$AP;SÃO LUIZ GONZAGA;A$AP;,;A$AP;28° 22' 35'' S;;A$AP;,;A$AP;55° 2' 15'' W;A$AP;Palerma;,
Palerma;A$AP;SSLN;A$AP;,;A$AP;SC0018;A$AP;,;A$AP;HELMUTH BAUNGARTEM;A$AP;,;A$AP;27° 9' 35'' S;;A$AP;,;A$AP;49° 32' 34'' W;A$AP;Palerma;,
Palerma;A$AP;SSLO;A$AP;,;A$AP;PR0031;A$AP;,;A$AP;ATTILLIO ACCORSI;A$AP;,;A$AP;22° 55' 4'' S;;A$AP;,;A$AP;53° 8' 59'' W;A$AP;Palerma;,
Palerma;A$AP;SSLT;A$AP;,;A$AP;RS0022;A$AP;,;A$AP;GAUDÊNCIO MACHADO RAMOS;A$AP;,;A$AP;29° 48' 45'' S;;A$AP;,;A$AP;55° 53' 36'' W;A$AP;Palerma;,
Palerma;A$AP;SSMJ;A$AP;,;A$AP;MS0020;A$AP;,;A$AP;MARACAJU;A$AP;,;A$AP;21° 38' 2'' S;;A$AP;,;A$AP;55° 8' 42'' W;A$AP;Palerma;,
Palerma;A$AP;SSMR;A$AP;,;A$AP;PR0026;A$AP;,;A$AP;MANOEL RIBAS;A$AP;,;A$AP;24° 31' 46'' S;;A$AP;,;A$AP;51° 39' 6'' W;A$AP;Palerma;,
Palerma;A$AP;SSMT;A$AP;,;A$AP;RS0044;A$AP;,;A$AP;MOSTARDAS;A$AP;,;A$AP;31° 6' 4'' S;;A$AP;,;A$AP;50° 54' 29'' W;A$AP;Palerma;,
Palerma;A$AP;SSNB;A$AP;,;A$AP;MS0015;A$AP;,;A$AP;ARIOSTO DA RIVA;A$AP;,;A$AP;23° 2' 3'' S;;A$AP;,;A$AP;54° 10' 40'' W;A$AP;Palerma;,
Palerma;A$AP;SSNG;A$AP;,;A$AP;RS0046;A$AP;,;A$AP;HELIO ALVES DE OLIVEIRA;A$AP;,;A$AP;29° 43' 11'' S;;A$AP;,;A$AP;51° 29' 20'' W;A$AP;Palerma;,
Palerma;A$AP;SSNH;A$AP;,;A$AP;RS0023;A$AP;,;A$AP;NOVO HAMBURGO;A$AP;,;A$AP;29° 41' 57'' S;;A$AP;,;A$AP;51° 4' 55'' W;A$AP;Palerma;,
Palerma;A$AP;SSNP;A$AP;,;A$AP;RS0041;A$AP;,;A$AP;ILMO ALOÍSIO BLUME;A$AP;,;A$AP;28° 48' 14'' S;;A$AP;,;A$AP;51° 36' 8'' W;A$AP;Palerma;,
Palerma;A$AP;SSNQ;A$AP;,;A$AP;MS0016;A$AP;,;A$AP;NIOAQUE;A$AP;,;A$AP;21° 11' 4'' S;;A$AP;,;A$AP;55° 49' 52'' W;A$AP;Palerma;,
Palerma;A$AP;SSOE;A$AP;,;A$AP;SC0015;A$AP;,;A$AP;HÉLIO WASUM;A$AP;,;A$AP;26° 46' 52'' S;;A$AP;,;A$AP;53° 30' 12'' W;A$AP;Palerma;,
Palerma;A$AP;SSOG;A$AP;,;A$AP;PR0027;A$AP;,;A$AP;ARAPONGAS;A$AP;,;A$AP;23° 21' 10'' S;;A$AP;,;A$AP;51° 29' 30'' W;A$AP;Palerma;,
Palerma;A$AP;SSOI;A$AP;,;A$AP;SP0043;A$AP;,;A$AP;PEDERNEIRAS;A$AP;,;A$AP;22° 18' 26'' S;;A$AP;,;A$AP;48° 46' 23'' W;A$AP;Palerma;,
Palerma;A$AP;SSOL;A$AP;,;A$AP;MG0027;A$AP;,;A$AP;PADRE ISRAEL (ISRAEL BATISTA DE CARVALHO);A$AP;,;A$AP;21° 14' 26'' S;;A$AP;,;A$AP;44° 57' 51'' W;A$AP;Palerma;,
Palerma;A$AP;SSOS;A$AP;,;A$AP;RS0042;A$AP;,;A$AP;OSÓRIO;A$AP;,;A$AP;29° 54' 8'' S;;A$AP;,;A$AP;50° 14' 57'' W;A$AP;Palerma;,
Palerma;A$AP;SSPG;A$AP;,;A$AP;PR0011;A$AP;,;A$AP;SANTOS DUMONT;A$AP;,;A$AP;25° 32' 25'' S;;A$AP;,;A$AP;48° 31' 52'' W;A$AP;Palerma;,
Palerma;A$AP;SSPI;A$AP;,;A$AP;PR0010;A$AP;,;A$AP;EDU CHAVES;A$AP;,;A$AP;23° 5' 24'' S;;A$AP;,;A$AP;52° 29' 19'' W;A$AP;Palerma;,
Palerma;A$AP;SSPL;A$AP;,;A$AP;RS0043;A$AP;,;A$AP;PALMEIRA DAS MISSÕES;A$AP;,;A$AP;27° 54' 6'' S;;A$AP;,;A$AP;53° 19' 48'' W;A$AP;Palerma;,
Palerma;A$AP;SSPM;A$AP;,;A$AP;MS0013;A$AP;,;A$AP;PORTO MURTINHO;A$AP;,;A$AP;21° 42' 46'' S;;A$AP;,;A$AP;57° 52' 45'' W;A$AP;Palerma;,
Palerma;A$AP;SSPN;A$AP;,;A$AP;MS0010;A$AP;,;A$AP;PARANAÍBA;A$AP;,;A$AP;19° 39' 4'' S;;A$AP;,;A$AP;51° 11' 58'' W;A$AP;Palerma;,
Palerma;A$AP;SSPS;A$AP;,;A$AP;PR0036;A$AP;,;A$AP;DIMORVAN CARRARO;A$AP;,;A$AP;26° 28' 20'' S;;A$AP;,;A$AP;51° 58' 32'' W;A$AP;Palerma;,
Palerma;A$AP;SSPT;A$AP;,;A$AP;PR0028;A$AP;,;A$AP;BRASÍLIO MARQUES;A$AP;,;A$AP;24° 20' 36'' S;;A$AP;,;A$AP;53° 49' 43'' W;A$AP;Palerma;,
Palerma;A$AP;SSQC;A$AP;,;A$AP;PR0029;A$AP;,;A$AP;AGUINALDO PEREIRA LIMA;A$AP;,;A$AP;23° 40' 29'' S;;A$AP;,;A$AP;49° 48' 56'' W;A$AP;Palerma;,
Palerma;A$AP;SSQP;A$AP;,;A$AP;BA0061;A$AP;,;A$AP;MONTE SANTO;A$AP;,;A$AP;10° 27' 55'' S;;A$AP;,;A$AP;39° 17' 10'' W;A$AP;Palerma;,
Palerma;A$AP;SSQT;A$AP;,;A$AP;PR0013;A$AP;,;A$AP;MAJOR NEODO S. PEREIRA;A$AP;,;A$AP;24° 48' 27'' S;;A$AP;,;A$AP;49° 57' 34'' W;A$AP;Palerma;,
Palerma;A$AP;SSRE;A$AP;,;A$AP;PR0030;A$AP;,;A$AP;REALEZA;A$AP;,;A$AP;25° 48' 4'' S;;A$AP;,;A$AP;53° 30' 47'' W;A$AP;Palerma;,
Palerma;A$AP;SSRF;A$AP;,;A$AP;BA0034;A$AP;,;A$AP;CASTRO ALVES;A$AP;,;A$AP;12° 46' 4'' S;;A$AP;,;A$AP;39° 26' 41'' W;A$AP;Palerma;,
Palerma;A$AP;SSRG;A$AP;,;A$AP;SP0030;A$AP;,;A$AP;AEROPORTO ESTADUAL DE REGISTRO;A$AP;,;A$AP;24° 31' 54'' S;;A$AP;,;A$AP;47° 50' 25'' W;A$AP;Palerma;,
Palerma;A$AP;SSRS;A$AP;,;A$AP;MA0008;A$AP;,;A$AP;BARREIRINHAS;A$AP;,;A$AP;2° 45' 24'' S;;A$AP;,;A$AP;42° 48' 12'' W;A$AP;Palerma;,
Palerma;A$AP;SSRU;A$AP;,;A$AP;RS0034;A$AP;,;A$AP;SÃO LOURENÇO DO SUL;A$AP;,;A$AP;31° 23' 5'' S;;A$AP;,;A$AP;52° 1' 57'' W;A$AP;Palerma;,
Palerma;A$AP;SSRZ;A$AP;,;A$AP;RS0024;A$AP;,;A$AP;DÁRIO BRASIL CAPOANO DE OLIVEIRA;A$AP;,;A$AP;30° 16' 39'' S;;A$AP;,;A$AP;54° 55' 31'' W;A$AP;Palerma;,
Palerma;A$AP;SSSB;A$AP;,;A$AP;RS0014;A$AP;,;A$AP;SÃO BORJA;A$AP;,;A$AP;28° 39' 17'' S;;A$AP;,;A$AP;56° 2' 5'' W;A$AP;Palerma;,
Palerma;A$AP;SSSC;A$AP;,;A$AP;RS0029;A$AP;,;A$AP;SANTA CRUZ DO SUL;A$AP;,;A$AP;29° 41' 3'' S;;A$AP;,;A$AP;52° 24' 44'' W;A$AP;Palerma;,
Palerma;A$AP;SSSD;A$AP;,;A$AP;RS0017;A$AP;,;A$AP;SOLEDADE;A$AP;,;A$AP;28° 51' 48'' S;;A$AP;,;A$AP;52° 32' 26'' W;A$AP;Palerma;,
Palerma;A$AP;SSSG;A$AP;,;A$AP;RS0035;A$AP;,;A$AP;SÃO GABRIEL;A$AP;,;A$AP;30° 20' 42'' S;;A$AP;,;A$AP;54° 16' 4'' W;A$AP;Palerma;,
Palerma;A$AP;SSSS;A$AP;,;A$AP;SC0022;A$AP;,;A$AP;SÃO FRANCISCO DO SUL;A$AP;,;A$AP;26° 13' 16'' S;;A$AP;,;A$AP;48° 33' 52'' W;A$AP;Palerma;,
Palerma;A$AP;SSST;A$AP;,;A$AP;RS0015;A$AP;,;A$AP;SANTIAGO;A$AP;,;A$AP;29° 12' 54'' S;;A$AP;,;A$AP;54° 50' 30'' W;A$AP;Palerma;,
Palerma;A$AP;SSSZ;A$AP;,;A$AP;PR0033;A$AP;,;A$AP;SERTANÓPOLIS;A$AP;,;A$AP;23° 3' 43'' S;;A$AP;,;A$AP;51° 0' 50'' W;A$AP;Palerma;,
Palerma;A$AP;SSTB;A$AP;,;A$AP;SC0013;A$AP;,;A$AP;TRÊS BARRAS;A$AP;,;A$AP;26° 7' 58'' S;;A$AP;,;A$AP;50° 18' 35'' W;A$AP;Palerma;,
Palerma;A$AP;SSTE;A$AP;,;A$AP;RS0011;A$AP;,;A$AP;TORRES;A$AP;,;A$AP;29° 24' 54'' S;;A$AP;,;A$AP;49° 48' 36'' W;A$AP;Palerma;,
Palerma;A$AP;SSUM;A$AP;,;A$AP;PR0019;A$AP;,;A$AP;ORLANDO DE CARVALHO;A$AP;,;A$AP;23° 47' 57'' S;;A$AP;,;A$AP;53° 18' 50'' W;A$AP;Palerma;,
Palerma;A$AP;SSUV;A$AP;,;A$AP;PR0034;A$AP;,;A$AP;JOSÉ CLETO;A$AP;,;A$AP;26° 13' 55'' S;;A$AP;,;A$AP;51° 4' 3'' W;A$AP;Palerma;,
Palerma;A$AP;SSVI;A$AP;,;A$AP;SC0011;A$AP;,;A$AP;ÂNGELO PONZONI;A$AP;,;A$AP;26° 59' 59'' S;;A$AP;,;A$AP;51° 8' 29'' W;A$AP;Palerma;,
Palerma;A$AP;SSVL;A$AP;,;A$AP;PR0007;A$AP;,;A$AP;TELÊMACO BORBA (SBTL*);A$AP;,;A$AP;24° 18' 59'' S;;A$AP;,;A$AP;50° 39' 8'' W;A$AP;Palerma;,
Palerma;A$AP;SSVN;A$AP;,;A$AP;RS0030;A$AP;,;A$AP;VERANÓPOLIS;A$AP;,;A$AP;28° 56' 8'' S;;A$AP;,;A$AP;51° 34' 4'' W;A$AP;Palerma;,
Palerma;A$AP;SSWS;A$AP;,;A$AP;RS0025;A$AP;,;A$AP;CAÇAPAVA DO SUL;A$AP;,;A$AP;30° 32' 59'' S;;A$AP;,;A$AP;53° 27' 29'' W;A$AP;Palerma;,
Palerma;A$AP;SSXX;A$AP;,;A$AP;SC0017;A$AP;,;A$AP;MUNICIPAL JOÃO WINCKLER;A$AP;,;A$AP;26° 52' 30'' S;;A$AP;,;A$AP;52° 22' 22'' W;A$AP;Palerma;,
Palerma;A$AP;SSZR;A$AP;,;A$AP;RS0027;A$AP;,;A$AP;LUIS ALBERTO LEHR;A$AP;,;A$AP;27° 54' 32'' S;;A$AP;,;A$AP;54° 31' 20'' W;A$AP;Palerma;,
Palerma;A$AP;SWBC;A$AP;,;A$AP;AM0017;A$AP;,;A$AP;BARCELOS;A$AP;,;A$AP;0° 58' 52'' S;;A$AP;,;A$AP;62° 55' 10'' W;A$AP;Palerma;,
Palerma;A$AP;SWBE;A$AP;,;A$AP;CE0006;A$AP;,;A$AP;WALFRIDO SALMITO DE ALMEIDA;A$AP;,;A$AP;4° 2' 34'' S;;A$AP;,;A$AP;40° 53' 38'' W;A$AP;Palerma;,
Palerma;A$AP;SWBG;A$AP;,;A$AP;MT0009;A$AP;,;A$AP;ANDRÉ ANTÔNIO MAGGI;A$AP;,;A$AP;15° 11' 36'' S;;A$AP;,;A$AP;59° 23' 7'' W;A$AP;Palerma;,
Palerma;A$AP;SWBR;A$AP;,;A$AP;AM0018;A$AP;,;A$AP;BORBA;A$AP;,;A$AP;4° 24' 22'' S;;A$AP;,;A$AP;59° 36' 9'' W;A$AP;Palerma;,
Palerma;A$AP;SWCA;A$AP;,;A$AP;AM0007;A$AP;,;A$AP;CARAUARI;A$AP;,;A$AP;4° 52' 17'' S;;A$AP;,;A$AP;66° 53' 51'' W;A$AP;Palerma;,
Palerma;A$AP;SWCB;A$AP;,;A$AP;GO0023;A$AP;,;A$AP;CAMPOS BELOS;A$AP;,;A$AP;13° 0' 25'' S;;A$AP;,;A$AP;46° 42' 39'' W;A$AP;Palerma;,
Palerma;A$AP;SWCQ;A$AP;,;A$AP;RO0007;A$AP;,;A$AP;COSTA MARQUES;A$AP;,;A$AP;12° 25' 14'' S;;A$AP;,;A$AP;64° 15' 6'' W;A$AP;Palerma;,
Palerma;A$AP;SWCZ;A$AP;,;A$AP;GO0024;A$AP;,;A$AP;CERES;A$AP;,;A$AP;15° 20' 38'' S;;A$AP;,;A$AP;49° 36' 16'' W;A$AP;Palerma;,
Palerma;A$AP;SWDM;A$AP;,;A$AP;MT0015;A$AP;,;A$AP;DIAMANTINO;A$AP;,;A$AP;14° 22' 36'' S;;A$AP;,;A$AP;56° 24' 2'' W;A$AP;Palerma;,
Palerma;A$AP;SWDN;A$AP;,;A$AP;TO0006;A$AP;,;A$AP;DIANÓPOLIS;A$AP;,;A$AP;11° 35' 43'' S;;A$AP;,;A$AP;46° 50' 52'' W;A$AP;Palerma;,
Palerma;A$AP;SWEI;A$AP;,;A$AP;AM0009;A$AP;,;A$AP;EIRUNEPÉ;A$AP;,;A$AP;6° 38' 22'' S;;A$AP;,;A$AP;69° 52' 47'' W;A$AP;Palerma;,
Palerma;A$AP;SWEK;A$AP;,;A$AP;MT0024;A$AP;,;A$AP;CANARANA;A$AP;,;A$AP;13° 34' 39'' S;;A$AP;,;A$AP;52° 16' 5'' W;A$AP;Palerma;,
Palerma;A$AP;SWFN;A$AP;,;A$AP;AM0002;A$AP;,;A$AP;FLORES;A$AP;,;A$AP;3° 4' 22'' S;;A$AP;,;A$AP;60° 1' 16'' W;A$AP;Palerma;,
Palerma;A$AP;SWFR;A$AP;,;A$AP;GO0014;A$AP;,;A$AP;FORMOSA;A$AP;,;A$AP;15° 33' 22'' S;;A$AP;,;A$AP;47° 20' 41'' W;A$AP;Palerma;,
Palerma;A$AP;SWFX;A$AP;,;A$AP;MT0022;A$AP;,;A$AP;SÃO FÉLIX DO ARAGUAIA;A$AP;,;A$AP;11° 37' 57'' S;;A$AP;,;A$AP;50° 41' 22'' W;A$AP;Palerma;,
Palerma;A$AP;SWGI;A$AP;,;A$AP;TO0004;A$AP;,;A$AP;GURUPI;A$AP;,;A$AP;11° 44' 22'' S;;A$AP;,;A$AP;49° 8' 0'' W;A$AP;Palerma;,
Palerma;A$AP;SWGN;A$AP;,;A$AP;TO0002;A$AP;,;A$AP;ARAGUAÍNA;A$AP;,;A$AP;7° 13' 42'' S;;A$AP;,;A$AP;48° 14' 27'' W;A$AP;Palerma;,
Palerma;A$AP;SWHP;A$AP;,;A$AP;MT0006;A$AP;,;A$AP;FREDERICO CARLOS MÜLLER;A$AP;,;A$AP;14° 1' 11'' S;;A$AP;,;A$AP;52° 9' 7'' W;A$AP;Palerma;,
Palerma;A$AP;SWHT;A$AP;,;A$AP;AM0019;A$AP;,;A$AP;HUMAITÁ;A$AP;,;A$AP;7° 32' 5'' S;;A$AP;,;A$AP;63° 4' 20'' W;A$AP;Palerma;,
Palerma;A$AP;SWII;A$AP;,;A$AP;AM0013;A$AP;,;A$AP;IPIRANGA;A$AP;,;A$AP;2° 56' 25'' S;;A$AP;,;A$AP;69° 41' 39'' W;A$AP;Palerma;,
Palerma;A$AP;SWIQ;A$AP;,;A$AP;GO0019;A$AP;,;A$AP;AEROPORTO MUNICIPAL JOSÉ CAIRES DE OLIVEIRA;A$AP;,;A$AP;13° 32' 57'' S;;A$AP;,;A$AP;48° 11' 44'' W;A$AP;Palerma;,
Palerma;A$AP;SWJN;A$AP;,;A$AP;MT0007;A$AP;,;A$AP;JUÍNA;A$AP;,;A$AP;11° 25' 10'' S;;A$AP;,;A$AP;58° 42' 36'' W;A$AP;Palerma;,
Palerma;A$AP;SWJW;A$AP;,;A$AP;GO0008;A$AP;,;A$AP;JATAÍ;A$AP;,;A$AP;17° 49' 48'' S;;A$AP;,;A$AP;51° 46' 31'' W;A$AP;Palerma;,
Palerma;A$AP;SWKC;A$AP;,;A$AP;MT0017;A$AP;,;A$AP;CÁCERES;A$AP;,;A$AP;16° 2' 33'' S;;A$AP;,;A$AP;57° 37' 48'' W;A$AP;Palerma;,
Palerma;A$AP;SWKO;A$AP;,;A$AP;AM0010;A$AP;,;A$AP;COARI;A$AP;,;A$AP;4° 8' 3'' S;;A$AP;,;A$AP;63° 7' 57'' W;A$AP;Palerma;,
Palerma;A$AP;SWKQ;A$AP;,;A$AP;PI0004;A$AP;,;A$AP;SERRA DA CAPIVARA/SÃO RAIMUNDO NONATO;A$AP;,;A$AP;9° 5' 0'' S;;A$AP;,;A$AP;42° 38' 41'' W;A$AP;Palerma;,
Palerma;A$AP;SWKT;A$AP;,;A$AP;GO0015;A$AP;,;A$AP;CATALÃO;A$AP;,;A$AP;18° 13' 1'' S;;A$AP;,;A$AP;47° 53' 58'' W;A$AP;Palerma;,
Palerma;A$AP;SWLB;A$AP;,;A$AP;AM0024;A$AP;,;A$AP;LÁBREA;A$AP;,;A$AP;7° 16' 44'' S;;A$AP;,;A$AP;64° 46' 10'' W;A$AP;Palerma;,
Palerma;A$AP;SWLC;A$AP;,;A$AP;GO0009;A$AP;,;A$AP;GENERAL LEITE DE CASTRO;A$AP;,;A$AP;17° 50' 5'' S;;A$AP;,;A$AP;50° 57' 22'' W;A$AP;Palerma;,
Palerma;A$AP;SWME;A$AP;,;A$AP;GO0033;A$AP;,;A$AP;MINEIROS;A$AP;,;A$AP;17° 33' 5'' S;;A$AP;,;A$AP;52° 33' 24'' W;A$AP;Palerma;,
Palerma;A$AP;SWMW;A$AP;,;A$AP;AM0020;A$AP;,;A$AP;MAUÉS;A$AP;,;A$AP;3° 22' 19'' S;;A$AP;,;A$AP;57° 43' 29'' W;A$AP;Palerma;,
Palerma;A$AP;SWNH;A$AP;,;A$AP;GO0017;A$AP;,;A$AP;ARUANÃ;A$AP;,;A$AP;14° 55' 59'' S;;A$AP;,;A$AP;51° 2' 54'' W;A$AP;Palerma;,
Palerma;A$AP;SWNK;A$AP;,;A$AP;AM0011;A$AP;,;A$AP;NOVO CAMPO;A$AP;,;A$AP;8° 50' 5'' S;;A$AP;,;A$AP;67° 18' 45'' W;A$AP;Palerma;,
Palerma;A$AP;SWNQ;A$AP;,;A$AP;GO0016;A$AP;,;A$AP;NIQUELÂNDIA;A$AP;,;A$AP;14° 26' 11'' S;;A$AP;,;A$AP;48° 29' 31'' W;A$AP;Palerma;,
Palerma;A$AP;SWNS;A$AP;,;A$AP;GO0004;A$AP;,;A$AP;ANÁPOLIS;A$AP;,;A$AP;16° 21' 45'' S;;A$AP;,;A$AP;48° 55' 41'' W;A$AP;Palerma;,
Palerma;A$AP;SWOB;A$AP;,;A$AP;AM0014;A$AP;,;A$AP;FONTE BOA;A$AP;,;A$AP;2° 31' 57'' S;;A$AP;,;A$AP;66° 4' 60'' W;A$AP;Palerma;,
Palerma;A$AP;SWPG;A$AP;,;A$AP;MT0010;A$AP;,;A$AP;PORTO DOS GAÚCHOS;A$AP;,;A$AP;11° 32' 24'' S;;A$AP;,;A$AP;57° 22' 41'' W;A$AP;Palerma;,
Palerma;A$AP;SWPI;A$AP;,;A$AP;AM0006;A$AP;,;A$AP;PARINTINS;A$AP;,;A$AP;2° 40' 25'' S;;A$AP;,;A$AP;56° 46' 39'' W;A$AP;Palerma;,
Palerma;A$AP;SWPK;A$AP;,;A$AP;MT0021;A$AP;,;A$AP;POCONÉ;A$AP;,;A$AP;16° 16' 18'' S;;A$AP;,;A$AP;56° 39' 4'' W;A$AP;Palerma;,
Palerma;A$AP;SWPM;A$AP;,;A$AP;RO0009;A$AP;,;A$AP;PIMENTA BUENO;A$AP;,;A$AP;11° 38' 29'' S;;A$AP;,;A$AP;61° 10' 44'' W;A$AP;Palerma;,
Palerma;A$AP;SWPR;A$AP;,;A$AP;GO0029;A$AP;,;A$AP;PIRES DO RIO;A$AP;,;A$AP;17° 19' 8'' S;;A$AP;,;A$AP;48° 20' 7'' W;A$AP;Palerma;,
Palerma;A$AP;SWPY;A$AP;,;A$AP;MT0023;A$AP;,;A$AP;PRIMAVERA DO LESTE;A$AP;,;A$AP;15° 33' 45'' S;;A$AP;,;A$AP;54° 19' 50'' W;A$AP;Palerma;,
Palerma;A$AP;SWPZ;A$AP;,;A$AP;GO0010;A$AP;,;A$AP;OURIÇANGA DE ABREU;A$AP;,;A$AP;14° 7' 5'' S;;A$AP;,;A$AP;46° 20' 43'' W;A$AP;Palerma;,
Palerma;A$AP;SWRO;A$AP;,;A$AP;RO0002;A$AP;,;A$AP;AEROCLUBE DE RONDÔNIA;A$AP;,;A$AP;8° 47' 39'' S;;A$AP;,;A$AP;63° 51' 27'' W;A$AP;Palerma;,
Palerma;A$AP;SWTO;A$AP;,;A$AP;TO0008;A$AP;,;A$AP;PARAÍSO DO TOCANTINS;A$AP;,;A$AP;10° 10' 26'' S;;A$AP;,;A$AP;48° 55' 58'' W;A$AP;Palerma;,
Palerma;A$AP;SWTP;A$AP;,;A$AP;AM0022;A$AP;,;A$AP;SANTA ISABEL DO RIO NEGRO;A$AP;,;A$AP;0° 22' 43'' S;;A$AP;,;A$AP;64° 59' 35'' W;A$AP;Palerma;,
Palerma;A$AP;SWTS;A$AP;,;A$AP;MT0012;A$AP;,;A$AP;TANGARÁ DA SERRA;A$AP;,;A$AP;14° 39' 43'' S;;A$AP;,;A$AP;57° 26' 38'' W;A$AP;Palerma;,
Palerma;A$AP;SWTY;A$AP;,;A$AP;TO0009;A$AP;,;A$AP;TAGUATINGA;A$AP;,;A$AP;12° 26' 6'' S;;A$AP;,;A$AP;46° 24' 1'' W;A$AP;Palerma;,
Palerma;A$AP;SWUA;A$AP;,;A$AP;GO0011;A$AP;,;A$AP;SÃO MIGUEL DO ARAGUAIA;A$AP;,;A$AP;13° 20' 2'' S;;A$AP;,;A$AP;50° 12' 21'' W;A$AP;Palerma;,
Palerma;A$AP;SWUD;A$AP;,;A$AP;MG0069;A$AP;,;A$AP;DEPUTADO OSWALDO TOLENTINO;A$AP;,;A$AP;20° 26' 45'' S;;A$AP;,;A$AP;44° 48' 47'' W;A$AP;Palerma;,
Palerma;A$AP;SWUZ;A$AP;,;A$AP;GO0025;A$AP;,;A$AP;BRIGADEIRO ARARIPE MACEDO;A$AP;,;A$AP;16° 15' 42'' S;;A$AP;,;A$AP;47° 58' 7'' W;A$AP;Palerma;,
Palerma;A$AP;SWVC;A$AP;,;A$AP;MT0016;A$AP;,;A$AP;VILA RICA;A$AP;,;A$AP;9° 58' 52'' S;;A$AP;,;A$AP;51° 8' 26'' W;A$AP;Palerma;,
Palerma;A$AP;SWWA;A$AP;,;A$AP;GO0012;A$AP;,;A$AP;PORANGATU;A$AP;,;A$AP;13° 24' 16'' S;;A$AP;,;A$AP;49° 9' 26'' W;A$AP;Palerma;,
Palerma;A$AP;SWWU;A$AP;,;A$AP;GO0013;A$AP;,;A$AP;URUAÇU;A$AP;,;A$AP;14° 32' 41'' S;;A$AP;,;A$AP;49° 5' 28'' W;A$AP;Palerma;,
Palerma;A$AP;SWXM;A$AP;,;A$AP;MT0014;A$AP;,;A$AP;REGIONAL ORLANDO VILLAS BOAS;A$AP;,;A$AP;10° 10' 12'' S;;A$AP;,;A$AP;54° 57' 14'' W;A$AP;Palerma;,
Palerma;A$AP;SWXQ;A$AP;,;A$AP;SP0015;A$AP;,;A$AP;LINS;A$AP;,;A$AP;21° 39' 46'' S;;A$AP;,;A$AP;49° 43' 52'' W;A$AP;Palerma;,
Palerma;A$AP;SWXV;A$AP;,;A$AP;MT0013;A$AP;,;A$AP;XAVANTINA;A$AP;,;A$AP;14° 41' 27'' S;;A$AP;,;A$AP;52° 20' 57'' W;A$AP;Palerma;,
Palerma;A$AP;SWYN;A$AP;,;A$AP;AM0023;A$AP;,;A$AP;APUÍ;A$AP;,;A$AP;7° 10' 20'' S;;A$AP;,;A$AP;59° 50' 20'' W;A$AP;Palerma;,
